Copyright 1986-2022 Xilinx, Inc. All Rights Reserved. Copyright 2022-2025 Advanced Micro Devices, Inc. All Rights Reserved.
------------------------------------------------------------------------------------------------------------------------------------------------------------------------------------------------------------------------------------------
| Tool Version : Vivado v.2025.2 (win64) Build 6299465 Fri Nov 14 19:35:11 GMT 2025
| Date         : Thu Jun 11 09:37:17 2026
| Host         : HP running 64-bit major release  (build 9200)
| Command      : report_timing_summary -max_paths 10 -routable_nets -report_unconstrained -file STA_Timing_timing_summary_routed.rpt -pb STA_Timing_timing_summary_routed.pb -rpx STA_Timing_timing_summary_routed.rpx -warn_on_violation
| Design       : STA_Timing
| Device       : 7a100t-csg324
| Speed File   : -1  PRODUCTION 1.23 2018-06-13
| Design State : Routed
------------------------------------------------------------------------------------------------------------------------------------------------------------------------------------------------------------------------------------------

Timing Summary Report

------------------------------------------------------------------------------------------------
| Timer Settings
| --------------
------------------------------------------------------------------------------------------------

  Enable Multi Corner Analysis               :  Yes
  Enable Pessimism Removal                   :  Yes
  Pessimism Removal Resolution               :  Nearest Common Node
  Enable Input Delay Default Clock           :  No
  Enable Preset / Clear Arcs                 :  No
  Disable Flight Delays                      :  No
  Ignore I/O Paths                           :  No
  Timing Early Launch at Borrowing Latches   :  No
  Borrow Time for Max Delay Exceptions       :  Yes
  Merge Timing Exceptions                    :  Yes
  Inter-SLR Compensation                     :  Conservative

  Corner  Analyze    Analyze    
  Name    Max Paths  Min Paths  
  ------  ---------  ---------  
  Slow    Yes        Yes        
  Fast    Yes        Yes        


------------------------------------------------------------------------------------------------
| Report Methodology
| ------------------
------------------------------------------------------------------------------------------------

Rule     Severity  Description                               Violations  
-------  --------  ----------------------------------------  ----------  
SYNTH-9  Warning   Small multiplier                          10          
XDCH-2   Warning   Same min and max delay values on IO port  41          

Note: This report is based on the most recent report_methodology run and may not be up-to-date. Run report_methodology on the current design for the latest report.



check_timing report

Table of Contents
-----------------
1. checking no_clock (0)
2. checking constant_clock (0)
3. checking pulse_width_clock (0)
4. checking unconstrained_internal_endpoints (0)
5. checking no_input_delay (0)
6. checking no_output_delay (0)
7. checking multiple_clock (0)
8. checking generated_clocks (0)
9. checking loops (0)
10. checking partial_input_delay (0)
11. checking partial_output_delay (0)
12. checking latch_loops (0)

1. checking no_clock (0)
------------------------
 There are 0 register/latch pins with no clock.


2. checking constant_clock (0)
------------------------------
 There are 0 register/latch pins with constant_clock.


3. checking pulse_width_clock (0)
---------------------------------
 There are 0 register/latch pins which need pulse_width check


4. checking unconstrained_internal_endpoints (0)
------------------------------------------------
 There are 0 pins that are not constrained for maximum delay.

 There are 0 pins that are not constrained for maximum delay due to constant clock.


5. checking no_input_delay (0)
------------------------------
 There are 0 input ports with no input delay specified.

 There are 0 input ports with no input delay but user has a false path constraint.


6. checking no_output_delay (0)
-------------------------------
 There are 0 ports with no output delay specified.

 There are 0 ports with no output delay but user has a false path constraint

 There are 0 ports with no output delay but with a timing clock defined on it or propagating through it


7. checking multiple_clock (0)
------------------------------
 There are 0 register/latch pins with multiple clocks.


8. checking generated_clocks (0)
--------------------------------
 There are 0 generated clocks that are not connected to a clock source.


9. checking loops (0)
---------------------
 There are 0 combinational loops in the design.


10. checking partial_input_delay (0)
------------------------------------
 There are 0 input ports with partial input delay specified.


11. checking partial_output_delay (0)
-------------------------------------
 There are 0 ports with partial output delay specified.


12. checking latch_loops (0)
----------------------------
 There are 0 combinational latch loops in the design through latch input



------------------------------------------------------------------------------------------------
| Design Timing Summary
| ---------------------
------------------------------------------------------------------------------------------------

    WNS(ns)      TNS(ns)  TNS Failing Endpoints  TNS Total Endpoints      WHS(ns)      THS(ns)  THS Failing Endpoints  THS Total Endpoints     WPWS(ns)     TPWS(ns)  TPWS Failing Endpoints  TPWS Total Endpoints  
    -------      -------  ---------------------  -------------------      -------      -------  ---------------------  -------------------     --------     --------  ----------------------  --------------------  
      7.600        0.000                      0                  144        0.059        0.000                      0                  144        9.500        0.000                       0                    65  


All user specified timing constraints are met.


------------------------------------------------------------------------------------------------
| Clock Summary
| -------------
------------------------------------------------------------------------------------------------

Clock  Waveform(ns)       Period(ns)      Frequency(MHz)
-----  ------------       ----------      --------------
clk    {0.000 10.000}     20.000          50.000          


------------------------------------------------------------------------------------------------
| Intra Clock Table
| -----------------
------------------------------------------------------------------------------------------------

Clock             WNS(ns)      TNS(ns)  TNS Failing Endpoints  TNS Total Endpoints      WHS(ns)      THS(ns)  THS Failing Endpoints  THS Total Endpoints     WPWS(ns)     TPWS(ns)  TPWS Failing Endpoints  TPWS Total Endpoints  
-----             -------      -------  ---------------------  -------------------      -------      -------  ---------------------  -------------------     --------     --------  ----------------------  --------------------  
clk                 7.600        0.000                      0                   80        0.059        0.000                      0                   80        9.500        0.000                       0                    65  


------------------------------------------------------------------------------------------------
| Inter Clock Table
| -----------------
------------------------------------------------------------------------------------------------

From Clock    To Clock          WNS(ns)      TNS(ns)  TNS Failing Endpoints  TNS Total Endpoints      WHS(ns)      THS(ns)  THS Failing Endpoints  THS Total Endpoints  
----------    --------          -------      -------  ---------------------  -------------------      -------      -------  ---------------------  -------------------  


------------------------------------------------------------------------------------------------
| Other Path Groups Table
| -----------------------
------------------------------------------------------------------------------------------------

Path Group         From Clock         To Clock               WNS(ns)      TNS(ns)  TNS Failing Endpoints  TNS Total Endpoints      WHS(ns)      THS(ns)  THS Failing Endpoints  THS Total Endpoints  
----------         ----------         --------               -------      -------  ---------------------  -------------------      -------      -------  ---------------------  -------------------  
**async_default**  clk                clk                     16.534        0.000                      0                   64        0.765        0.000                      0                   64  


------------------------------------------------------------------------------------------------
| User Ignored Path Table
| -----------------------
------------------------------------------------------------------------------------------------

Path Group    From Clock    To Clock    
----------    ----------    --------    


------------------------------------------------------------------------------------------------
| Unconstrained Path Table
| ------------------------
------------------------------------------------------------------------------------------------

Path Group    From Clock    To Clock    
----------    ----------    --------    


------------------------------------------------------------------------------------------------
| Timing Details
| --------------
------------------------------------------------------------------------------------------------


---------------------------------------------------------------------------------------------------
From Clock:  clk
  To Clock:  clk

Setup :            0  Failing Endpoints,  Worst Slack        7.600ns,  Total Violation        0.000ns
Hold  :            0  Failing Endpoints,  Worst Slack        0.059ns,  Total Violation        0.000ns
PW    :            0  Failing Endpoints,  Worst Slack        9.500ns,  Total Violation        0.000ns
---------------------------------------------------------------------------------------------------


Max Delay Paths
--------------------------------------------------------------------------------------
Slack (MET) :             7.600ns  (required time - arrival time)
  Source:                 result_reg[14]/C
                            (rising edge-triggered cell FDCE clocked by clk  {rise@0.000ns fall@10.000ns period=20.000ns})
  Destination:            result[14]
                            (output port clocked by clk  {rise@0.000ns fall@10.000ns period=20.000ns})
  Path Group:             clk
  Path Type:              Max at Slow Process Corner
  Requirement:            20.000ns  (clk rise@20.000ns - clk rise@0.000ns)
  Data Path Delay:        5.402ns  (logic 3.116ns (57.687%)  route 2.286ns (42.313%))
  Logic Levels:           1  (OBUF=1)
  Output Delay:           2.000ns
  Clock Path Skew:        -4.763ns (DCD - SCD + CPR)
    Destination Clock Delay (DCD):    0.000ns = ( 20.000 - 20.000 ) 
    Source Clock Delay      (SCD):    4.763ns
    Clock Pessimism Removal (CPR):    0.000ns
  Clock Uncertainty:      0.235ns  ((TSJ^2 + TIJ^2)^1/2 + DJ) / 2 + PE + UU
    Total System Jitter     (TSJ):    0.071ns
    Total Input Jitter      (TIJ):    0.000ns
    Discrete Jitter          (DJ):    0.000ns
    Phase Error              (PE):    0.000ns
    User Uncertainty         (UU):    0.200ns

    Location             Delay type                Incr(ns)  Path(ns)    Netlist Resource(s)
  -------------------------------------------------------------------    -------------------
                         (clock clk rise edge)        0.000     0.000 r  
    N15                                               0.000     0.000 r  clk (IN)
                         net (fo=0)                   0.000     0.000    clk
    N15                  IBUF (Prop_ibuf_I_O)         0.948     0.948 r  clk_IBUF_inst/O
                         net (fo=1, routed)           2.016     2.963    clk_IBUF
    BUFGCTRL_X0Y0        BUFG (Prop_bufg_I_O)         0.096     3.059 r  clk_IBUF_BUFG_inst/O
                         net (fo=64, routed)          1.703     4.763    clk_IBUF_BUFG
    SLICE_X0Y74          FDCE                                         r  result_reg[14]/C
  -------------------------------------------------------------------    -------------------
    SLICE_X0Y74          FDCE (Prop_fdce_C_Q)         0.456     5.219 r  result_reg[14]/Q
                         net (fo=1, routed)           2.286     7.504    result_OBUF[14]
    R12                  OBUF (Prop_obuf_I_O)         2.660    10.165 r  result_OBUF[14]_inst/O
                         net (fo=0)                   0.000    10.165    result[14]
    R12                                                               r  result[14] (OUT)
  -------------------------------------------------------------------    -------------------

                         (clock clk rise edge)       20.000    20.000 r  
                         clock pessimism              0.000    20.000    
                         clock uncertainty           -0.235    19.765    
                         output delay                -2.000    17.765    
  -------------------------------------------------------------------
                         required time                         17.765    
                         arrival time                         -10.165    
  -------------------------------------------------------------------
                         slack                                  7.600    

Slack (MET) :             7.604ns  (required time - arrival time)
  Source:                 result_reg[13]/C
                            (rising edge-triggered cell FDCE clocked by clk  {rise@0.000ns fall@10.000ns period=20.000ns})
  Destination:            result[13]
                            (output port clocked by clk  {rise@0.000ns fall@10.000ns period=20.000ns})
  Path Group:             clk
  Path Type:              Max at Slow Process Corner
  Requirement:            20.000ns  (clk rise@20.000ns - clk rise@0.000ns)
  Data Path Delay:        5.396ns  (logic 3.112ns (57.669%)  route 2.284ns (42.331%))
  Logic Levels:           1  (OBUF=1)
  Output Delay:           2.000ns
  Clock Path Skew:        -4.765ns (DCD - SCD + CPR)
    Destination Clock Delay (DCD):    0.000ns = ( 20.000 - 20.000 ) 
    Source Clock Delay      (SCD):    4.765ns
    Clock Pessimism Removal (CPR):    0.000ns
  Clock Uncertainty:      0.235ns  ((TSJ^2 + TIJ^2)^1/2 + DJ) / 2 + PE + UU
    Total System Jitter     (TSJ):    0.071ns
    Total Input Jitter      (TIJ):    0.000ns
    Discrete Jitter          (DJ):    0.000ns
    Phase Error              (PE):    0.000ns
    User Uncertainty         (UU):    0.200ns

    Location             Delay type                Incr(ns)  Path(ns)    Netlist Resource(s)
  -------------------------------------------------------------------    -------------------
                         (clock clk rise edge)        0.000     0.000 r  
    N15                                               0.000     0.000 r  clk (IN)
                         net (fo=0)                   0.000     0.000    clk
    N15                  IBUF (Prop_ibuf_I_O)         0.948     0.948 r  clk_IBUF_inst/O
                         net (fo=1, routed)           2.016     2.963    clk_IBUF
    BUFGCTRL_X0Y0        BUFG (Prop_bufg_I_O)         0.096     3.059 r  clk_IBUF_BUFG_inst/O
                         net (fo=64, routed)          1.705     4.765    clk_IBUF_BUFG
    SLICE_X1Y73          FDCE                                         r  result_reg[13]/C
  -------------------------------------------------------------------    -------------------
    SLICE_X1Y73          FDCE (Prop_fdce_C_Q)         0.456     5.221 r  result_reg[13]/Q
                         net (fo=1, routed)           2.284     7.505    result_OBUF[13]
    R13                  OBUF (Prop_obuf_I_O)         2.656    10.160 r  result_OBUF[13]_inst/O
                         net (fo=0)                   0.000    10.160    result[13]
    R13                                                               r  result[13] (OUT)
  -------------------------------------------------------------------    -------------------

                         (clock clk rise edge)       20.000    20.000 r  
                         clock pessimism              0.000    20.000    
                         clock uncertainty           -0.235    19.765    
                         output delay                -2.000    17.765    
  -------------------------------------------------------------------
                         required time                         17.765    
                         arrival time                         -10.160    
  -------------------------------------------------------------------
                         slack                                  7.604    

Slack (MET) :             7.618ns  (required time - arrival time)
  Source:                 result_reg[15]/C
                            (rising edge-triggered cell FDCE clocked by clk  {rise@0.000ns fall@10.000ns period=20.000ns})
  Destination:            result[15]
                            (output port clocked by clk  {rise@0.000ns fall@10.000ns period=20.000ns})
  Path Group:             clk
  Path Type:              Max at Slow Process Corner
  Requirement:            20.000ns  (clk rise@20.000ns - clk rise@0.000ns)
  Data Path Delay:        5.382ns  (logic 3.090ns (57.409%)  route 2.292ns (42.591%))
  Logic Levels:           1  (OBUF=1)
  Output Delay:           2.000ns
  Clock Path Skew:        -4.765ns (DCD - SCD + CPR)
    Destination Clock Delay (DCD):    0.000ns = ( 20.000 - 20.000 ) 
    Source Clock Delay      (SCD):    4.765ns
    Clock Pessimism Removal (CPR):    0.000ns
  Clock Uncertainty:      0.235ns  ((TSJ^2 + TIJ^2)^1/2 + DJ) / 2 + PE + UU
    Total System Jitter     (TSJ):    0.071ns
    Total Input Jitter      (TIJ):    0.000ns
    Discrete Jitter          (DJ):    0.000ns
    Phase Error              (PE):    0.000ns
    User Uncertainty         (UU):    0.200ns

    Location             Delay type                Incr(ns)  Path(ns)    Netlist Resource(s)
  -------------------------------------------------------------------    -------------------
                         (clock clk rise edge)        0.000     0.000 r  
    N15                                               0.000     0.000 r  clk (IN)
                         net (fo=0)                   0.000     0.000    clk
    N15                  IBUF (Prop_ibuf_I_O)         0.948     0.948 r  clk_IBUF_inst/O
                         net (fo=1, routed)           2.016     2.963    clk_IBUF
    BUFGCTRL_X0Y0        BUFG (Prop_bufg_I_O)         0.096     3.059 r  clk_IBUF_BUFG_inst/O
                         net (fo=64, routed)          1.705     4.765    clk_IBUF_BUFG
    SLICE_X1Y73          FDCE                                         r  result_reg[15]/C
  -------------------------------------------------------------------    -------------------
    SLICE_X1Y73          FDCE (Prop_fdce_C_Q)         0.456     5.221 r  result_reg[15]/Q
                         net (fo=1, routed)           2.292     7.513    result_OBUF[15]
    M18                  OBUF (Prop_obuf_I_O)         2.634    10.146 r  result_OBUF[15]_inst/O
                         net (fo=0)                   0.000    10.146    result[15]
    M18                                                               r  result[15] (OUT)
  -------------------------------------------------------------------    -------------------

                         (clock clk rise edge)       20.000    20.000 r  
                         clock pessimism              0.000    20.000    
                         clock uncertainty           -0.235    19.765    
                         output delay                -2.000    17.765    
  -------------------------------------------------------------------
                         required time                         17.765    
                         arrival time                         -10.146    
  -------------------------------------------------------------------
                         slack                                  7.618    

Slack (MET) :             7.632ns  (required time - arrival time)
  Source:                 result_reg[12]/C
                            (rising edge-triggered cell FDCE clocked by clk  {rise@0.000ns fall@10.000ns period=20.000ns})
  Destination:            result[12]
                            (output port clocked by clk  {rise@0.000ns fall@10.000ns period=20.000ns})
  Path Group:             clk
  Path Type:              Max at Slow Process Corner
  Requirement:            20.000ns  (clk rise@20.000ns - clk rise@0.000ns)
  Data Path Delay:        5.367ns  (logic 3.083ns (57.445%)  route 2.284ns (42.555%))
  Logic Levels:           1  (OBUF=1)
  Output Delay:           2.000ns
  Clock Path Skew:        -4.766ns (DCD - SCD + CPR)
    Destination Clock Delay (DCD):    0.000ns = ( 20.000 - 20.000 ) 
    Source Clock Delay      (SCD):    4.766ns
    Clock Pessimism Removal (CPR):    0.000ns
  Clock Uncertainty:      0.235ns  ((TSJ^2 + TIJ^2)^1/2 + DJ) / 2 + PE + UU
    Total System Jitter     (TSJ):    0.071ns
    Total Input Jitter      (TIJ):    0.000ns
    Discrete Jitter          (DJ):    0.000ns
    Phase Error              (PE):    0.000ns
    User Uncertainty         (UU):    0.200ns

    Location             Delay type                Incr(ns)  Path(ns)    Netlist Resource(s)
  -------------------------------------------------------------------    -------------------
                         (clock clk rise edge)        0.000     0.000 r  
    N15                                               0.000     0.000 r  clk (IN)
                         net (fo=0)                   0.000     0.000    clk
    N15                  IBUF (Prop_ibuf_I_O)         0.948     0.948 r  clk_IBUF_inst/O
                         net (fo=1, routed)           2.016     2.963    clk_IBUF
    BUFGCTRL_X0Y0        BUFG (Prop_bufg_I_O)         0.096     3.059 r  clk_IBUF_BUFG_inst/O
                         net (fo=64, routed)          1.706     4.766    clk_IBUF_BUFG
    SLICE_X1Y72          FDCE                                         r  result_reg[12]/C
  -------------------------------------------------------------------    -------------------
    SLICE_X1Y72          FDCE (Prop_fdce_C_Q)         0.456     5.222 r  result_reg[12]/Q
                         net (fo=1, routed)           2.284     7.506    result_OBUF[12]
    L13                  OBUF (Prop_obuf_I_O)         2.627    10.133 r  result_OBUF[12]_inst/O
                         net (fo=0)                   0.000    10.133    result[12]
    L13                                                               r  result[12] (OUT)
  -------------------------------------------------------------------    -------------------

                         (clock clk rise edge)       20.000    20.000 r  
                         clock pessimism              0.000    20.000    
                         clock uncertainty           -0.235    19.765    
                         output delay                -2.000    17.765    
  -------------------------------------------------------------------
                         required time                         17.765    
                         arrival time                         -10.133    
  -------------------------------------------------------------------
                         slack                                  7.632    

Slack (MET) :             7.798ns  (required time - arrival time)
  Source:                 result_reg[9]/C
                            (rising edge-triggered cell FDCE clocked by clk  {rise@0.000ns fall@10.000ns period=20.000ns})
  Destination:            result[9]
                            (output port clocked by clk  {rise@0.000ns fall@10.000ns period=20.000ns})
  Path Group:             clk
  Path Type:              Max at Slow Process Corner
  Requirement:            20.000ns  (clk rise@20.000ns - clk rise@0.000ns)
  Data Path Delay:        5.202ns  (logic 3.101ns (59.618%)  route 2.101ns (40.382%))
  Logic Levels:           1  (OBUF=1)
  Output Delay:           2.000ns
  Clock Path Skew:        -4.765ns (DCD - SCD + CPR)
    Destination Clock Delay (DCD):    0.000ns = ( 20.000 - 20.000 ) 
    Source Clock Delay      (SCD):    4.765ns
    Clock Pessimism Removal (CPR):    0.000ns
  Clock Uncertainty:      0.235ns  ((TSJ^2 + TIJ^2)^1/2 + DJ) / 2 + PE + UU
    Total System Jitter     (TSJ):    0.071ns
    Total Input Jitter      (TIJ):    0.000ns
    Discrete Jitter          (DJ):    0.000ns
    Phase Error              (PE):    0.000ns
    User Uncertainty         (UU):    0.200ns

    Location             Delay type                Incr(ns)  Path(ns)    Netlist Resource(s)
  -------------------------------------------------------------------    -------------------
                         (clock clk rise edge)        0.000     0.000 r  
    N15                                               0.000     0.000 r  clk (IN)
                         net (fo=0)                   0.000     0.000    clk
    N15                  IBUF (Prop_ibuf_I_O)         0.948     0.948 r  clk_IBUF_inst/O
                         net (fo=1, routed)           2.016     2.963    clk_IBUF
    BUFGCTRL_X0Y0        BUFG (Prop_bufg_I_O)         0.096     3.059 r  clk_IBUF_BUFG_inst/O
                         net (fo=64, routed)          1.705     4.765    clk_IBUF_BUFG
    SLICE_X0Y73          FDCE                                         r  result_reg[9]/C
  -------------------------------------------------------------------    -------------------
    SLICE_X0Y73          FDCE (Prop_fdce_C_Q)         0.456     5.221 r  result_reg[9]/Q
                         net (fo=1, routed)           2.101     7.321    result_OBUF[9]
    T18                  OBUF (Prop_obuf_I_O)         2.645     9.966 r  result_OBUF[9]_inst/O
                         net (fo=0)                   0.000     9.966    result[9]
    T18                                                               r  result[9] (OUT)
  -------------------------------------------------------------------    -------------------

                         (clock clk rise edge)       20.000    20.000 r  
                         clock pessimism              0.000    20.000    
                         clock uncertainty           -0.235    19.765    
                         output delay                -2.000    17.765    
  -------------------------------------------------------------------
                         required time                         17.765    
                         arrival time                          -9.966    
  -------------------------------------------------------------------
                         slack                                  7.798    

Slack (MET) :             7.802ns  (required time - arrival time)
  Source:                 result_reg[8]/C
                            (rising edge-triggered cell FDCE clocked by clk  {rise@0.000ns fall@10.000ns period=20.000ns})
  Destination:            result[8]
                            (output port clocked by clk  {rise@0.000ns fall@10.000ns period=20.000ns})
  Path Group:             clk
  Path Type:              Max at Slow Process Corner
  Requirement:            20.000ns  (clk rise@20.000ns - clk rise@0.000ns)
  Data Path Delay:        5.197ns  (logic 3.100ns (59.638%)  route 2.098ns (40.362%))
  Logic Levels:           1  (OBUF=1)
  Output Delay:           2.000ns
  Clock Path Skew:        -4.766ns (DCD - SCD + CPR)
    Destination Clock Delay (DCD):    0.000ns = ( 20.000 - 20.000 ) 
    Source Clock Delay      (SCD):    4.766ns
    Clock Pessimism Removal (CPR):    0.000ns
  Clock Uncertainty:      0.235ns  ((TSJ^2 + TIJ^2)^1/2 + DJ) / 2 + PE + UU
    Total System Jitter     (TSJ):    0.071ns
    Total Input Jitter      (TIJ):    0.000ns
    Discrete Jitter          (DJ):    0.000ns
    Phase Error              (PE):    0.000ns
    User Uncertainty         (UU):    0.200ns

    Location             Delay type                Incr(ns)  Path(ns)    Netlist Resource(s)
  -------------------------------------------------------------------    -------------------
                         (clock clk rise edge)        0.000     0.000 r  
    N15                                               0.000     0.000 r  clk (IN)
                         net (fo=0)                   0.000     0.000    clk
    N15                  IBUF (Prop_ibuf_I_O)         0.948     0.948 r  clk_IBUF_inst/O
                         net (fo=1, routed)           2.016     2.963    clk_IBUF
    BUFGCTRL_X0Y0        BUFG (Prop_bufg_I_O)         0.096     3.059 r  clk_IBUF_BUFG_inst/O
                         net (fo=64, routed)          1.706     4.766    clk_IBUF_BUFG
    SLICE_X1Y72          FDCE                                         r  result_reg[8]/C
  -------------------------------------------------------------------    -------------------
    SLICE_X1Y72          FDCE (Prop_fdce_C_Q)         0.456     5.222 r  result_reg[8]/Q
                         net (fo=1, routed)           2.098     7.319    result_OBUF[8]
    N14                  OBUF (Prop_obuf_I_O)         2.644     9.963 r  result_OBUF[8]_inst/O
                         net (fo=0)                   0.000     9.963    result[8]
    N14                                                               r  result[8] (OUT)
  -------------------------------------------------------------------    -------------------

                         (clock clk rise edge)       20.000    20.000 r  
                         clock pessimism              0.000    20.000    
                         clock uncertainty           -0.235    19.765    
                         output delay                -2.000    17.765    
  -------------------------------------------------------------------
                         required time                         17.765    
                         arrival time                          -9.963    
  -------------------------------------------------------------------
                         slack                                  7.802    

Slack (MET) :             7.803ns  (required time - arrival time)
  Source:                 result_reg[7]/C
                            (rising edge-triggered cell FDCE clocked by clk  {rise@0.000ns fall@10.000ns period=20.000ns})
  Destination:            result[7]
                            (output port clocked by clk  {rise@0.000ns fall@10.000ns period=20.000ns})
  Path Group:             clk
  Path Type:              Max at Slow Process Corner
  Requirement:            20.000ns  (clk rise@20.000ns - clk rise@0.000ns)
  Data Path Delay:        5.197ns  (logic 3.099ns (59.625%)  route 2.098ns (40.375%))
  Logic Levels:           1  (OBUF=1)
  Output Delay:           2.000ns
  Clock Path Skew:        -4.765ns (DCD - SCD + CPR)
    Destination Clock Delay (DCD):    0.000ns = ( 20.000 - 20.000 ) 
    Source Clock Delay      (SCD):    4.765ns
    Clock Pessimism Removal (CPR):    0.000ns
  Clock Uncertainty:      0.235ns  ((TSJ^2 + TIJ^2)^1/2 + DJ) / 2 + PE + UU
    Total System Jitter     (TSJ):    0.071ns
    Total Input Jitter      (TIJ):    0.000ns
    Discrete Jitter          (DJ):    0.000ns
    Phase Error              (PE):    0.000ns
    User Uncertainty         (UU):    0.200ns

    Location             Delay type                Incr(ns)  Path(ns)    Netlist Resource(s)
  -------------------------------------------------------------------    -------------------
                         (clock clk rise edge)        0.000     0.000 r  
    N15                                               0.000     0.000 r  clk (IN)
                         net (fo=0)                   0.000     0.000    clk
    N15                  IBUF (Prop_ibuf_I_O)         0.948     0.948 r  clk_IBUF_inst/O
                         net (fo=1, routed)           2.016     2.963    clk_IBUF
    BUFGCTRL_X0Y0        BUFG (Prop_bufg_I_O)         0.096     3.059 r  clk_IBUF_BUFG_inst/O
                         net (fo=64, routed)          1.705     4.765    clk_IBUF_BUFG
    SLICE_X0Y73          FDCE                                         r  result_reg[7]/C
  -------------------------------------------------------------------    -------------------
    SLICE_X0Y73          FDCE (Prop_fdce_C_Q)         0.456     5.221 r  result_reg[7]/Q
                         net (fo=1, routed)           2.098     7.319    result_OBUF[7]
    P14                  OBUF (Prop_obuf_I_O)         2.643     9.962 r  result_OBUF[7]_inst/O
                         net (fo=0)                   0.000     9.962    result[7]
    P14                                                               r  result[7] (OUT)
  -------------------------------------------------------------------    -------------------

                         (clock clk rise edge)       20.000    20.000 r  
                         clock pessimism              0.000    20.000    
                         clock uncertainty           -0.235    19.765    
                         output delay                -2.000    17.765    
  -------------------------------------------------------------------
                         required time                         17.765    
                         arrival time                          -9.962    
  -------------------------------------------------------------------
                         slack                                  7.803    

Slack (MET) :             7.811ns  (required time - arrival time)
  Source:                 result_reg[10]/C
                            (rising edge-triggered cell FDCE clocked by clk  {rise@0.000ns fall@10.000ns period=20.000ns})
  Destination:            result[10]
                            (output port clocked by clk  {rise@0.000ns fall@10.000ns period=20.000ns})
  Path Group:             clk
  Path Type:              Max at Slow Process Corner
  Requirement:            20.000ns  (clk rise@20.000ns - clk rise@0.000ns)
  Data Path Delay:        5.190ns  (logic 3.101ns (59.749%)  route 2.089ns (40.251%))
  Logic Levels:           1  (OBUF=1)
  Output Delay:           2.000ns
  Clock Path Skew:        -4.765ns (DCD - SCD + CPR)
    Destination Clock Delay (DCD):    0.000ns = ( 20.000 - 20.000 ) 
    Source Clock Delay      (SCD):    4.765ns
    Clock Pessimism Removal (CPR):    0.000ns
  Clock Uncertainty:      0.235ns  ((TSJ^2 + TIJ^2)^1/2 + DJ) / 2 + PE + UU
    Total System Jitter     (TSJ):    0.071ns
    Total Input Jitter      (TIJ):    0.000ns
    Discrete Jitter          (DJ):    0.000ns
    Phase Error              (PE):    0.000ns
    User Uncertainty         (UU):    0.200ns

    Location             Delay type                Incr(ns)  Path(ns)    Netlist Resource(s)
  -------------------------------------------------------------------    -------------------
                         (clock clk rise edge)        0.000     0.000 r  
    N15                                               0.000     0.000 r  clk (IN)
                         net (fo=0)                   0.000     0.000    clk
    N15                  IBUF (Prop_ibuf_I_O)         0.948     0.948 r  clk_IBUF_inst/O
                         net (fo=1, routed)           2.016     2.963    clk_IBUF
    BUFGCTRL_X0Y0        BUFG (Prop_bufg_I_O)         0.096     3.059 r  clk_IBUF_BUFG_inst/O
                         net (fo=64, routed)          1.705     4.765    clk_IBUF_BUFG
    SLICE_X1Y73          FDCE                                         r  result_reg[10]/C
  -------------------------------------------------------------------    -------------------
    SLICE_X1Y73          FDCE (Prop_fdce_C_Q)         0.456     5.221 r  result_reg[10]/Q
                         net (fo=1, routed)           2.089     7.309    result_OBUF[10]
    R18                  OBUF (Prop_obuf_I_O)         2.645     9.954 r  result_OBUF[10]_inst/O
                         net (fo=0)                   0.000     9.954    result[10]
    R18                                                               r  result[10] (OUT)
  -------------------------------------------------------------------    -------------------

                         (clock clk rise edge)       20.000    20.000 r  
                         clock pessimism              0.000    20.000    
                         clock uncertainty           -0.235    19.765    
                         output delay                -2.000    17.765    
  -------------------------------------------------------------------
                         required time                         17.765    
                         arrival time                          -9.954    
  -------------------------------------------------------------------
                         slack                                  7.811    

Slack (MET) :             7.821ns  (required time - arrival time)
  Source:                 result_reg[11]/C
                            (rising edge-triggered cell FDCE clocked by clk  {rise@0.000ns fall@10.000ns period=20.000ns})
  Destination:            result[11]
                            (output port clocked by clk  {rise@0.000ns fall@10.000ns period=20.000ns})
  Path Group:             clk
  Path Type:              Max at Slow Process Corner
  Requirement:            20.000ns  (clk rise@20.000ns - clk rise@0.000ns)
  Data Path Delay:        5.181ns  (logic 3.089ns (59.617%)  route 2.092ns (40.383%))
  Logic Levels:           1  (OBUF=1)
  Output Delay:           2.000ns
  Clock Path Skew:        -4.763ns (DCD - SCD + CPR)
    Destination Clock Delay (DCD):    0.000ns = ( 20.000 - 20.000 ) 
    Source Clock Delay      (SCD):    4.763ns
    Clock Pessimism Removal (CPR):    0.000ns
  Clock Uncertainty:      0.235ns  ((TSJ^2 + TIJ^2)^1/2 + DJ) / 2 + PE + UU
    Total System Jitter     (TSJ):    0.071ns
    Total Input Jitter      (TIJ):    0.000ns
    Discrete Jitter          (DJ):    0.000ns
    Phase Error              (PE):    0.000ns
    User Uncertainty         (UU):    0.200ns

    Location             Delay type                Incr(ns)  Path(ns)    Netlist Resource(s)
  -------------------------------------------------------------------    -------------------
                         (clock clk rise edge)        0.000     0.000 r  
    N15                                               0.000     0.000 r  clk (IN)
                         net (fo=0)                   0.000     0.000    clk
    N15                  IBUF (Prop_ibuf_I_O)         0.948     0.948 r  clk_IBUF_inst/O
                         net (fo=1, routed)           2.016     2.963    clk_IBUF
    BUFGCTRL_X0Y0        BUFG (Prop_bufg_I_O)         0.096     3.059 r  clk_IBUF_BUFG_inst/O
                         net (fo=64, routed)          1.703     4.763    clk_IBUF_BUFG
    SLICE_X0Y74          FDCE                                         r  result_reg[11]/C
  -------------------------------------------------------------------    -------------------
    SLICE_X0Y74          FDCE (Prop_fdce_C_Q)         0.456     5.219 r  result_reg[11]/Q
                         net (fo=1, routed)           2.092     7.311    result_OBUF[11]
    M13                  OBUF (Prop_obuf_I_O)         2.633     9.944 r  result_OBUF[11]_inst/O
                         net (fo=0)                   0.000     9.944    result[11]
    M13                                                               r  result[11] (OUT)
  -------------------------------------------------------------------    -------------------

                         (clock clk rise edge)       20.000    20.000 r  
                         clock pessimism              0.000    20.000    
                         clock uncertainty           -0.235    19.765    
                         output delay                -2.000    17.765    
  -------------------------------------------------------------------
                         required time                         17.765    
                         arrival time                          -9.944    
  -------------------------------------------------------------------
                         slack                                  7.821    

Slack (MET) :             7.826ns  (required time - arrival time)
  Source:                 result_reg[6]/C
                            (rising edge-triggered cell FDCE clocked by clk  {rise@0.000ns fall@10.000ns period=20.000ns})
  Destination:            result[6]
                            (output port clocked by clk  {rise@0.000ns fall@10.000ns period=20.000ns})
  Path Group:             clk
  Path Type:              Max at Slow Process Corner
  Requirement:            20.000ns  (clk rise@20.000ns - clk rise@0.000ns)
  Data Path Delay:        5.174ns  (logic 3.080ns (59.541%)  route 2.093ns (40.459%))
  Logic Levels:           1  (OBUF=1)
  Output Delay:           2.000ns
  Clock Path Skew:        -4.766ns (DCD - SCD + CPR)
    Destination Clock Delay (DCD):    0.000ns = ( 20.000 - 20.000 ) 
    Source Clock Delay      (SCD):    4.766ns
    Clock Pessimism Removal (CPR):    0.000ns
  Clock Uncertainty:      0.235ns  ((TSJ^2 + TIJ^2)^1/2 + DJ) / 2 + PE + UU
    Total System Jitter     (TSJ):    0.071ns
    Total Input Jitter      (TIJ):    0.000ns
    Discrete Jitter          (DJ):    0.000ns
    Phase Error              (PE):    0.000ns
    User Uncertainty         (UU):    0.200ns

    Location             Delay type                Incr(ns)  Path(ns)    Netlist Resource(s)
  -------------------------------------------------------------------    -------------------
                         (clock clk rise edge)        0.000     0.000 r  
    N15                                               0.000     0.000 r  clk (IN)
                         net (fo=0)                   0.000     0.000    clk
    N15                  IBUF (Prop_ibuf_I_O)         0.948     0.948 r  clk_IBUF_inst/O
                         net (fo=1, routed)           2.016     2.963    clk_IBUF
    BUFGCTRL_X0Y0        BUFG (Prop_bufg_I_O)         0.096     3.059 r  clk_IBUF_BUFG_inst/O
                         net (fo=64, routed)          1.706     4.766    clk_IBUF_BUFG
    SLICE_X1Y72          FDCE                                         r  result_reg[6]/C
  -------------------------------------------------------------------    -------------------
    SLICE_X1Y72          FDCE (Prop_fdce_C_Q)         0.456     5.222 r  result_reg[6]/Q
                         net (fo=1, routed)           2.093     7.315    result_OBUF[6]
    N17                  OBUF (Prop_obuf_I_O)         2.624     9.939 r  result_OBUF[6]_inst/O
                         net (fo=0)                   0.000     9.939    result[6]
    N17                                                               r  result[6] (OUT)
  -------------------------------------------------------------------    -------------------

                         (clock clk rise edge)       20.000    20.000 r  
                         clock pessimism              0.000    20.000    
                         clock uncertainty           -0.235    19.765    
                         output delay                -2.000    17.765    
  -------------------------------------------------------------------
                         required time                         17.765    
                         arrival time                          -9.939    
  -------------------------------------------------------------------
                         slack                                  7.826    





Min Delay Paths
--------------------------------------------------------------------------------------
Slack (MET) :             0.059ns  (arrival time - required time)
  Source:                 stage2_mult_reg[9]/C
                            (rising edge-triggered cell FDCE clocked by clk  {rise@0.000ns fall@10.000ns period=20.000ns})
  Destination:            stage3_acc_reg[9]/D
                            (rising edge-triggered cell FDCE clocked by clk  {rise@0.000ns fall@10.000ns period=20.000ns})
  Path Group:             clk
  Path Type:              Hold (Min at Fast Process Corner)
  Requirement:            0.000ns  (clk rise@0.000ns - clk rise@0.000ns)
  Data Path Delay:        0.377ns  (logic 0.274ns (72.719%)  route 0.103ns (27.281%))
  Logic Levels:           1  (CARRY4=1)
  Clock Path Skew:        0.013ns (DCD - SCD - CPR)
    Destination Clock Delay (DCD):    1.952ns
    Source Clock Delay      (SCD):    1.435ns
    Clock Pessimism Removal (CPR):    0.503ns
  Clock Uncertainty:      0.200ns  ((TSJ^2 + TIJ^2)^1/2 + DJ) / 2 + PE + UU
    Total System Jitter     (TSJ):    0.000ns
    Total Input Jitter      (TIJ):    0.000ns
    Discrete Jitter          (DJ):    0.000ns
    Phase Error              (PE):    0.000ns
    User Uncertainty         (UU):    0.200ns

    Location             Delay type                Incr(ns)  Path(ns)    Netlist Resource(s)
  -------------------------------------------------------------------    -------------------
                         (clock clk rise edge)        0.000     0.000 r  
    N15                                               0.000     0.000 r  clk (IN)
                         net (fo=0)                   0.000     0.000    clk
    N15                  IBUF (Prop_ibuf_I_O)         0.177     0.177 r  clk_IBUF_inst/O
                         net (fo=1, routed)           0.640     0.817    clk_IBUF
    BUFGCTRL_X0Y0        BUFG (Prop_bufg_I_O)         0.026     0.843 r  clk_IBUF_BUFG_inst/O
                         net (fo=64, routed)          0.593     1.435    clk_IBUF_BUFG
    SLICE_X2Y70          FDCE                                         r  stage2_mult_reg[9]/C
  -------------------------------------------------------------------    -------------------
    SLICE_X2Y70          FDCE (Prop_fdce_C_Q)         0.164     1.599 r  stage2_mult_reg[9]/Q
                         net (fo=1, routed)           0.103     1.702    stage2_mult[9]
    SLICE_X0Y71          CARRY4 (Prop_carry4_S[1]_O[1])
                                                      0.110     1.812 r  stage3_acc_reg[11]_i_1/O[1]
                         net (fo=1, routed)           0.000     1.812    p_0_in[9]
    SLICE_X0Y71          FDCE                                         r  stage3_acc_reg[9]/D
  -------------------------------------------------------------------    -------------------

                         (clock clk rise edge)        0.000     0.000 r  
    N15                                               0.000     0.000 r  clk (IN)
                         net (fo=0)                   0.000     0.000    clk
    N15                  IBUF (Prop_ibuf_I_O)         0.365     0.365 r  clk_IBUF_inst/O
                         net (fo=1, routed)           0.695     1.060    clk_IBUF
    BUFGCTRL_X0Y0        BUFG (Prop_bufg_I_O)         0.029     1.089 r  clk_IBUF_BUFG_inst/O
                         net (fo=64, routed)          0.863     1.952    clk_IBUF_BUFG
    SLICE_X0Y71          FDCE                                         r  stage3_acc_reg[9]/C
                         clock pessimism             -0.503     1.448    
                         clock uncertainty            0.200     1.648    
    SLICE_X0Y71          FDCE (Hold_fdce_C_D)         0.105     1.753    stage3_acc_reg[9]
  -------------------------------------------------------------------
                         required time                         -1.753    
                         arrival time                           1.812    
  -------------------------------------------------------------------
                         slack                                  0.059    

Slack (MET) :             0.059ns  (arrival time - required time)
  Source:                 stage2_mult_reg[13]/C
                            (rising edge-triggered cell FDCE clocked by clk  {rise@0.000ns fall@10.000ns period=20.000ns})
  Destination:            stage3_acc_reg[13]/D
                            (rising edge-triggered cell FDCE clocked by clk  {rise@0.000ns fall@10.000ns period=20.000ns})
  Path Group:             clk
  Path Type:              Hold (Min at Fast Process Corner)
  Requirement:            0.000ns  (clk rise@0.000ns - clk rise@0.000ns)
  Data Path Delay:        0.377ns  (logic 0.274ns (72.719%)  route 0.103ns (27.281%))
  Logic Levels:           1  (CARRY4=1)
  Clock Path Skew:        0.013ns (DCD - SCD - CPR)
    Destination Clock Delay (DCD):    1.951ns
    Source Clock Delay      (SCD):    1.434ns
    Clock Pessimism Removal (CPR):    0.503ns
  Clock Uncertainty:      0.200ns  ((TSJ^2 + TIJ^2)^1/2 + DJ) / 2 + PE + UU
    Total System Jitter     (TSJ):    0.000ns
    Total Input Jitter      (TIJ):    0.000ns
    Discrete Jitter          (DJ):    0.000ns
    Phase Error              (PE):    0.000ns
    User Uncertainty         (UU):    0.200ns

    Location             Delay type                Incr(ns)  Path(ns)    Netlist Resource(s)
  -------------------------------------------------------------------    -------------------
                         (clock clk rise edge)        0.000     0.000 r  
    N15                                               0.000     0.000 r  clk (IN)
                         net (fo=0)                   0.000     0.000    clk
    N15                  IBUF (Prop_ibuf_I_O)         0.177     0.177 r  clk_IBUF_inst/O
                         net (fo=1, routed)           0.640     0.817    clk_IBUF
    BUFGCTRL_X0Y0        BUFG (Prop_bufg_I_O)         0.026     0.843 r  clk_IBUF_BUFG_inst/O
                         net (fo=64, routed)          0.592     1.434    clk_IBUF_BUFG
    SLICE_X2Y71          FDCE                                         r  stage2_mult_reg[13]/C
  -------------------------------------------------------------------    -------------------
    SLICE_X2Y71          FDCE (Prop_fdce_C_Q)         0.164     1.598 r  stage2_mult_reg[13]/Q
                         net (fo=1, routed)           0.103     1.701    stage2_mult[13]
    SLICE_X0Y72          CARRY4 (Prop_carry4_S[1]_O[1])
                                                      0.110     1.811 r  stage3_acc_reg[15]_i_1/O[1]
                         net (fo=1, routed)           0.000     1.811    p_0_in[13]
    SLICE_X0Y72          FDCE                                         r  stage3_acc_reg[13]/D
  -------------------------------------------------------------------    -------------------

                         (clock clk rise edge)        0.000     0.000 r  
    N15                                               0.000     0.000 r  clk (IN)
                         net (fo=0)                   0.000     0.000    clk
    N15                  IBUF (Prop_ibuf_I_O)         0.365     0.365 r  clk_IBUF_inst/O
                         net (fo=1, routed)           0.695     1.060    clk_IBUF
    BUFGCTRL_X0Y0        BUFG (Prop_bufg_I_O)         0.029     1.089 r  clk_IBUF_BUFG_inst/O
                         net (fo=64, routed)          0.862     1.951    clk_IBUF_BUFG
    SLICE_X0Y72          FDCE                                         r  stage3_acc_reg[13]/C
                         clock pessimism             -0.503     1.447    
                         clock uncertainty            0.200     1.647    
    SLICE_X0Y72          FDCE (Hold_fdce_C_D)         0.105     1.752    stage3_acc_reg[13]
  -------------------------------------------------------------------
                         required time                         -1.752    
                         arrival time                           1.811    
  -------------------------------------------------------------------
                         slack                                  0.059    

Slack (MET) :             0.073ns  (arrival time - required time)
  Source:                 stage3_acc_reg[4]/C
                            (rising edge-triggered cell FDCE clocked by clk  {rise@0.000ns fall@10.000ns period=20.000ns})
  Destination:            result_reg[4]/D
                            (rising edge-triggered cell FDCE clocked by clk  {rise@0.000ns fall@10.000ns period=20.000ns})
  Path Group:             clk
  Path Type:              Hold (Min at Fast Process Corner)
  Requirement:            0.000ns  (clk rise@0.000ns - clk rise@0.000ns)
  Data Path Delay:        0.349ns  (logic 0.141ns (40.420%)  route 0.208ns (59.580%))
  Logic Levels:           0  
  Clock Path Skew:        0.010ns (DCD - SCD - CPR)
    Destination Clock Delay (DCD):    1.949ns
    Source Clock Delay      (SCD):    1.435ns
    Clock Pessimism Removal (CPR):    0.503ns
  Clock Uncertainty:      0.200ns  ((TSJ^2 + TIJ^2)^1/2 + DJ) / 2 + PE + UU
    Total System Jitter     (TSJ):    0.000ns
    Total Input Jitter      (TIJ):    0.000ns
    Discrete Jitter          (DJ):    0.000ns
    Phase Error              (PE):    0.000ns
    User Uncertainty         (UU):    0.200ns

    Location             Delay type                Incr(ns)  Path(ns)    Netlist Resource(s)
  -------------------------------------------------------------------    -------------------
                         (clock clk rise edge)        0.000     0.000 r  
    N15                                               0.000     0.000 r  clk (IN)
                         net (fo=0)                   0.000     0.000    clk
    N15                  IBUF (Prop_ibuf_I_O)         0.177     0.177 r  clk_IBUF_inst/O
                         net (fo=1, routed)           0.640     0.817    clk_IBUF
    BUFGCTRL_X0Y0        BUFG (Prop_bufg_I_O)         0.026     0.843 r  clk_IBUF_BUFG_inst/O
                         net (fo=64, routed)          0.593     1.435    clk_IBUF_BUFG
    SLICE_X0Y70          FDCE                                         r  stage3_acc_reg[4]/C
  -------------------------------------------------------------------    -------------------
    SLICE_X0Y70          FDCE (Prop_fdce_C_Q)         0.141     1.576 r  stage3_acc_reg[4]/Q
                         net (fo=1, routed)           0.208     1.784    stage3_acc[4]
    SLICE_X0Y73          FDCE                                         r  result_reg[4]/D
  -------------------------------------------------------------------    -------------------

                         (clock clk rise edge)        0.000     0.000 r  
    N15                                               0.000     0.000 r  clk (IN)
                         net (fo=0)                   0.000     0.000    clk
    N15                  IBUF (Prop_ibuf_I_O)         0.365     0.365 r  clk_IBUF_inst/O
                         net (fo=1, routed)           0.695     1.060    clk_IBUF
    BUFGCTRL_X0Y0        BUFG (Prop_bufg_I_O)         0.029     1.089 r  clk_IBUF_BUFG_inst/O
                         net (fo=64, routed)          0.860     1.949    clk_IBUF_BUFG
    SLICE_X0Y73          FDCE                                         r  result_reg[4]/C
                         clock pessimism             -0.503     1.445    
                         clock uncertainty            0.200     1.645    
    SLICE_X0Y73          FDCE (Hold_fdce_C_D)         0.066     1.711    result_reg[4]
  -------------------------------------------------------------------
                         required time                         -1.711    
                         arrival time                           1.784    
  -------------------------------------------------------------------
                         slack                                  0.073    

Slack (MET) :             0.077ns  (arrival time - required time)
  Source:                 stage2_mult_reg[1]/C
                            (rising edge-triggered cell FDCE clocked by clk  {rise@0.000ns fall@10.000ns period=20.000ns})
  Destination:            stage3_acc_reg[2]/D
                            (rising edge-triggered cell FDCE clocked by clk  {rise@0.000ns fall@10.000ns period=20.000ns})
  Path Group:             clk
  Path Type:              Hold (Min at Fast Process Corner)
  Requirement:            0.000ns  (clk rise@0.000ns - clk rise@0.000ns)
  Data Path Delay:        0.395ns  (logic 0.287ns (72.574%)  route 0.108ns (27.426%))
  Logic Levels:           1  (CARRY4=1)
  Clock Path Skew:        0.013ns (DCD - SCD - CPR)
    Destination Clock Delay (DCD):    1.954ns
    Source Clock Delay      (SCD):    1.437ns
    Clock Pessimism Removal (CPR):    0.503ns
  Clock Uncertainty:      0.200ns  ((TSJ^2 + TIJ^2)^1/2 + DJ) / 2 + PE + UU
    Total System Jitter     (TSJ):    0.000ns
    Total Input Jitter      (TIJ):    0.000ns
    Discrete Jitter          (DJ):    0.000ns
    Phase Error              (PE):    0.000ns
    User Uncertainty         (UU):    0.200ns

    Location             Delay type                Incr(ns)  Path(ns)    Netlist Resource(s)
  -------------------------------------------------------------------    -------------------
                         (clock clk rise edge)        0.000     0.000 r  
    N15                                               0.000     0.000 r  clk (IN)
                         net (fo=0)                   0.000     0.000    clk
    N15                  IBUF (Prop_ibuf_I_O)         0.177     0.177 r  clk_IBUF_inst/O
                         net (fo=1, routed)           0.640     0.817    clk_IBUF
    BUFGCTRL_X0Y0        BUFG (Prop_bufg_I_O)         0.026     0.843 r  clk_IBUF_BUFG_inst/O
                         net (fo=64, routed)          0.595     1.437    clk_IBUF_BUFG
    SLICE_X3Y68          FDCE                                         r  stage2_mult_reg[1]/C
  -------------------------------------------------------------------    -------------------
    SLICE_X3Y68          FDCE (Prop_fdce_C_Q)         0.141     1.578 r  stage2_mult_reg[1]/Q
                         net (fo=2, routed)           0.108     1.687    stage2_mult[1]
    SLICE_X0Y69          CARRY4 (Prop_carry4_DI[1]_O[2])
                                                      0.146     1.833 r  stage3_acc_reg[3]_i_1/O[2]
                         net (fo=1, routed)           0.000     1.833    p_0_in[2]
    SLICE_X0Y69          FDCE                                         r  stage3_acc_reg[2]/D
  -------------------------------------------------------------------    -------------------

                         (clock clk rise edge)        0.000     0.000 r  
    N15                                               0.000     0.000 r  clk (IN)
                         net (fo=0)                   0.000     0.000    clk
    N15                  IBUF (Prop_ibuf_I_O)         0.365     0.365 r  clk_IBUF_inst/O
                         net (fo=1, routed)           0.695     1.060    clk_IBUF
    BUFGCTRL_X0Y0        BUFG (Prop_bufg_I_O)         0.029     1.089 r  clk_IBUF_BUFG_inst/O
                         net (fo=64, routed)          0.865     1.954    clk_IBUF_BUFG
    SLICE_X0Y69          FDCE                                         r  stage3_acc_reg[2]/C
                         clock pessimism             -0.503     1.450    
                         clock uncertainty            0.200     1.650    
    SLICE_X0Y69          FDCE (Hold_fdce_C_D)         0.105     1.755    stage3_acc_reg[2]
  -------------------------------------------------------------------
                         required time                         -1.755    
                         arrival time                           1.833    
  -------------------------------------------------------------------
                         slack                                  0.077    

Slack (MET) :             0.083ns  (arrival time - required time)
  Source:                 stage3_acc_reg[9]/C
                            (rising edge-triggered cell FDCE clocked by clk  {rise@0.000ns fall@10.000ns period=20.000ns})
  Destination:            result_reg[9]/D
                            (rising edge-triggered cell FDCE clocked by clk  {rise@0.000ns fall@10.000ns period=20.000ns})
  Path Group:             clk
  Path Type:              Hold (Min at Fast Process Corner)
  Requirement:            0.000ns  (clk rise@0.000ns - clk rise@0.000ns)
  Data Path Delay:        0.366ns  (logic 0.141ns (38.575%)  route 0.225ns (61.425%))
  Logic Levels:           0  
  Clock Path Skew:        0.011ns (DCD - SCD - CPR)
    Destination Clock Delay (DCD):    1.949ns
    Source Clock Delay      (SCD):    1.434ns
    Clock Pessimism Removal (CPR):    0.503ns
  Clock Uncertainty:      0.200ns  ((TSJ^2 + TIJ^2)^1/2 + DJ) / 2 + PE + UU
    Total System Jitter     (TSJ):    0.000ns
    Total Input Jitter      (TIJ):    0.000ns
    Discrete Jitter          (DJ):    0.000ns
    Phase Error              (PE):    0.000ns
    User Uncertainty         (UU):    0.200ns

    Location             Delay type                Incr(ns)  Path(ns)    Netlist Resource(s)
  -------------------------------------------------------------------    -------------------
                         (clock clk rise edge)        0.000     0.000 r  
    N15                                               0.000     0.000 r  clk (IN)
                         net (fo=0)                   0.000     0.000    clk
    N15                  IBUF (Prop_ibuf_I_O)         0.177     0.177 r  clk_IBUF_inst/O
                         net (fo=1, routed)           0.640     0.817    clk_IBUF
    BUFGCTRL_X0Y0        BUFG (Prop_bufg_I_O)         0.026     0.843 r  clk_IBUF_BUFG_inst/O
                         net (fo=64, routed)          0.592     1.434    clk_IBUF_BUFG
    SLICE_X0Y71          FDCE                                         r  stage3_acc_reg[9]/C
  -------------------------------------------------------------------    -------------------
    SLICE_X0Y71          FDCE (Prop_fdce_C_Q)         0.141     1.575 r  stage3_acc_reg[9]/Q
                         net (fo=1, routed)           0.225     1.800    stage3_acc[9]
    SLICE_X0Y73          FDCE                                         r  result_reg[9]/D
  -------------------------------------------------------------------    -------------------

                         (clock clk rise edge)        0.000     0.000 r  
    N15                                               0.000     0.000 r  clk (IN)
                         net (fo=0)                   0.000     0.000    clk
    N15                  IBUF (Prop_ibuf_I_O)         0.365     0.365 r  clk_IBUF_inst/O
                         net (fo=1, routed)           0.695     1.060    clk_IBUF
    BUFGCTRL_X0Y0        BUFG (Prop_bufg_I_O)         0.029     1.089 r  clk_IBUF_BUFG_inst/O
                         net (fo=64, routed)          0.860     1.949    clk_IBUF_BUFG
    SLICE_X0Y73          FDCE                                         r  result_reg[9]/C
                         clock pessimism             -0.503     1.445    
                         clock uncertainty            0.200     1.645    
    SLICE_X0Y73          FDCE (Hold_fdce_C_D)         0.072     1.717    result_reg[9]
  -------------------------------------------------------------------
                         required time                         -1.717    
                         arrival time                           1.800    
  -------------------------------------------------------------------
                         slack                                  0.083    

Slack (MET) :             0.084ns  (arrival time - required time)
  Source:                 stage2_mult_reg[4]/C
                            (rising edge-triggered cell FDCE clocked by clk  {rise@0.000ns fall@10.000ns period=20.000ns})
  Destination:            stage3_acc_reg[5]/D
                            (rising edge-triggered cell FDCE clocked by clk  {rise@0.000ns fall@10.000ns period=20.000ns})
  Path Group:             clk
  Path Type:              Hold (Min at Fast Process Corner)
  Requirement:            0.000ns  (clk rise@0.000ns - clk rise@0.000ns)
  Data Path Delay:        0.402ns  (logic 0.288ns (71.585%)  route 0.114ns (28.415%))
  Logic Levels:           1  (CARRY4=1)
  Clock Path Skew:        0.013ns (DCD - SCD - CPR)
    Destination Clock Delay (DCD):    1.953ns
    Source Clock Delay      (SCD):    1.436ns
    Clock Pessimism Removal (CPR):    0.503ns
  Clock Uncertainty:      0.200ns  ((TSJ^2 + TIJ^2)^1/2 + DJ) / 2 + PE + UU
    Total System Jitter     (TSJ):    0.000ns
    Total Input Jitter      (TIJ):    0.000ns
    Discrete Jitter          (DJ):    0.000ns
    Phase Error              (PE):    0.000ns
    User Uncertainty         (UU):    0.200ns

    Location             Delay type                Incr(ns)  Path(ns)    Netlist Resource(s)
  -------------------------------------------------------------------    -------------------
                         (clock clk rise edge)        0.000     0.000 r  
    N15                                               0.000     0.000 r  clk (IN)
                         net (fo=0)                   0.000     0.000    clk
    N15                  IBUF (Prop_ibuf_I_O)         0.177     0.177 r  clk_IBUF_inst/O
                         net (fo=1, routed)           0.640     0.817    clk_IBUF
    BUFGCTRL_X0Y0        BUFG (Prop_bufg_I_O)         0.026     0.843 r  clk_IBUF_BUFG_inst/O
                         net (fo=64, routed)          0.594     1.436    clk_IBUF_BUFG
    SLICE_X2Y69          FDCE                                         r  stage2_mult_reg[4]/C
  -------------------------------------------------------------------    -------------------
    SLICE_X2Y69          FDCE (Prop_fdce_C_Q)         0.164     1.600 r  stage2_mult_reg[4]/Q
                         net (fo=2, routed)           0.114     1.715    stage2_mult[4]
    SLICE_X0Y70          CARRY4 (Prop_carry4_DI[0]_O[1])
                                                      0.124     1.839 r  stage3_acc_reg[7]_i_1/O[1]
                         net (fo=1, routed)           0.000     1.839    p_0_in[5]
    SLICE_X0Y70          FDCE                                         r  stage3_acc_reg[5]/D
  -------------------------------------------------------------------    -------------------

                         (clock clk rise edge)        0.000     0.000 r  
    N15                                               0.000     0.000 r  clk (IN)
                         net (fo=0)                   0.000     0.000    clk
    N15                  IBUF (Prop_ibuf_I_O)         0.365     0.365 r  clk_IBUF_inst/O
                         net (fo=1, routed)           0.695     1.060    clk_IBUF
    BUFGCTRL_X0Y0        BUFG (Prop_bufg_I_O)         0.029     1.089 r  clk_IBUF_BUFG_inst/O
                         net (fo=64, routed)          0.864     1.953    clk_IBUF_BUFG
    SLICE_X0Y70          FDCE                                         r  stage3_acc_reg[5]/C
                         clock pessimism             -0.503     1.449    
                         clock uncertainty            0.200     1.649    
    SLICE_X0Y70          FDCE (Hold_fdce_C_D)         0.105     1.754    stage3_acc_reg[5]
  -------------------------------------------------------------------
                         required time                         -1.754    
                         arrival time                           1.839    
  -------------------------------------------------------------------
                         slack                                  0.084    

Slack (MET) :             0.088ns  (arrival time - required time)
  Source:                 stage2_mult_reg[0]/C
                            (rising edge-triggered cell FDCE clocked by clk  {rise@0.000ns fall@10.000ns period=20.000ns})
  Destination:            stage3_acc_reg[0]/D
                            (rising edge-triggered cell FDCE clocked by clk  {rise@0.000ns fall@10.000ns period=20.000ns})
  Path Group:             clk
  Path Type:              Hold (Min at Fast Process Corner)
  Requirement:            0.000ns  (clk rise@0.000ns - clk rise@0.000ns)
  Data Path Delay:        0.406ns  (logic 0.256ns (63.016%)  route 0.150ns (36.984%))
  Logic Levels:           2  (CARRY4=1 LUT2=1)
  Clock Path Skew:        0.013ns (DCD - SCD - CPR)
    Destination Clock Delay (DCD):    1.954ns
    Source Clock Delay      (SCD):    1.437ns
    Clock Pessimism Removal (CPR):    0.503ns
  Clock Uncertainty:      0.200ns  ((TSJ^2 + TIJ^2)^1/2 + DJ) / 2 + PE + UU
    Total System Jitter     (TSJ):    0.000ns
    Total Input Jitter      (TIJ):    0.000ns
    Discrete Jitter          (DJ):    0.000ns
    Phase Error              (PE):    0.000ns
    User Uncertainty         (UU):    0.200ns

    Location             Delay type                Incr(ns)  Path(ns)    Netlist Resource(s)
  -------------------------------------------------------------------    -------------------
                         (clock clk rise edge)        0.000     0.000 r  
    N15                                               0.000     0.000 r  clk (IN)
                         net (fo=0)                   0.000     0.000    clk
    N15                  IBUF (Prop_ibuf_I_O)         0.177     0.177 r  clk_IBUF_inst/O
                         net (fo=1, routed)           0.640     0.817    clk_IBUF
    BUFGCTRL_X0Y0        BUFG (Prop_bufg_I_O)         0.026     0.843 r  clk_IBUF_BUFG_inst/O
                         net (fo=64, routed)          0.595     1.437    clk_IBUF_BUFG
    SLICE_X3Y68          FDCE                                         r  stage2_mult_reg[0]/C
  -------------------------------------------------------------------    -------------------
    SLICE_X3Y68          FDCE (Prop_fdce_C_Q)         0.141     1.578 r  stage2_mult_reg[0]/Q
                         net (fo=2, routed)           0.150     1.729    stage2_mult[0]
    SLICE_X0Y69          LUT2 (Prop_lut2_I0_O)        0.045     1.774 r  stage3_acc[3]_i_5/O
                         net (fo=1, routed)           0.000     1.774    stage3_acc[3]_i_5_n_0
    SLICE_X0Y69          CARRY4 (Prop_carry4_S[0]_O[0])
                                                      0.070     1.844 r  stage3_acc_reg[3]_i_1/O[0]
                         net (fo=1, routed)           0.000     1.844    p_0_in[0]
    SLICE_X0Y69          FDCE                                         r  stage3_acc_reg[0]/D
  -------------------------------------------------------------------    -------------------

                         (clock clk rise edge)        0.000     0.000 r  
    N15                                               0.000     0.000 r  clk (IN)
                         net (fo=0)                   0.000     0.000    clk
    N15                  IBUF (Prop_ibuf_I_O)         0.365     0.365 r  clk_IBUF_inst/O
                         net (fo=1, routed)           0.695     1.060    clk_IBUF
    BUFGCTRL_X0Y0        BUFG (Prop_bufg_I_O)         0.029     1.089 r  clk_IBUF_BUFG_inst/O
                         net (fo=64, routed)          0.865     1.954    clk_IBUF_BUFG
    SLICE_X0Y69          FDCE                                         r  stage3_acc_reg[0]/C
                         clock pessimism             -0.503     1.450    
                         clock uncertainty            0.200     1.650    
    SLICE_X0Y69          FDCE (Hold_fdce_C_D)         0.105     1.755    stage3_acc_reg[0]
  -------------------------------------------------------------------
                         required time                         -1.755    
                         arrival time                           1.844    
  -------------------------------------------------------------------
                         slack                                  0.088    

Slack (MET) :             0.089ns  (arrival time - required time)
  Source:                 stage3_acc_reg[11]/C
                            (rising edge-triggered cell FDCE clocked by clk  {rise@0.000ns fall@10.000ns period=20.000ns})
  Destination:            result_reg[11]/D
                            (rising edge-triggered cell FDCE clocked by clk  {rise@0.000ns fall@10.000ns period=20.000ns})
  Path Group:             clk
  Path Type:              Hold (Min at Fast Process Corner)
  Requirement:            0.000ns  (clk rise@0.000ns - clk rise@0.000ns)
  Data Path Delay:        0.369ns  (logic 0.141ns (38.166%)  route 0.228ns (61.834%))
  Logic Levels:           0  
  Clock Path Skew:        0.010ns (DCD - SCD - CPR)
    Destination Clock Delay (DCD):    1.948ns
    Source Clock Delay      (SCD):    1.434ns
    Clock Pessimism Removal (CPR):    0.503ns
  Clock Uncertainty:      0.200ns  ((TSJ^2 + TIJ^2)^1/2 + DJ) / 2 + PE + UU
    Total System Jitter     (TSJ):    0.000ns
    Total Input Jitter      (TIJ):    0.000ns
    Discrete Jitter          (DJ):    0.000ns
    Phase Error              (PE):    0.000ns
    User Uncertainty         (UU):    0.200ns

    Location             Delay type                Incr(ns)  Path(ns)    Netlist Resource(s)
  -------------------------------------------------------------------    -------------------
                         (clock clk rise edge)        0.000     0.000 r  
    N15                                               0.000     0.000 r  clk (IN)
                         net (fo=0)                   0.000     0.000    clk
    N15                  IBUF (Prop_ibuf_I_O)         0.177     0.177 r  clk_IBUF_inst/O
                         net (fo=1, routed)           0.640     0.817    clk_IBUF
    BUFGCTRL_X0Y0        BUFG (Prop_bufg_I_O)         0.026     0.843 r  clk_IBUF_BUFG_inst/O
                         net (fo=64, routed)          0.592     1.434    clk_IBUF_BUFG
    SLICE_X0Y71          FDCE                                         r  stage3_acc_reg[11]/C
  -------------------------------------------------------------------    -------------------
    SLICE_X0Y71          FDCE (Prop_fdce_C_Q)         0.141     1.575 r  stage3_acc_reg[11]/Q
                         net (fo=1, routed)           0.228     1.804    stage3_acc[11]
    SLICE_X0Y74          FDCE                                         r  result_reg[11]/D
  -------------------------------------------------------------------    -------------------

                         (clock clk rise edge)        0.000     0.000 r  
    N15                                               0.000     0.000 r  clk (IN)
                         net (fo=0)                   0.000     0.000    clk
    N15                  IBUF (Prop_ibuf_I_O)         0.365     0.365 r  clk_IBUF_inst/O
                         net (fo=1, routed)           0.695     1.060    clk_IBUF
    BUFGCTRL_X0Y0        BUFG (Prop_bufg_I_O)         0.029     1.089 r  clk_IBUF_BUFG_inst/O
                         net (fo=64, routed)          0.859     1.948    clk_IBUF_BUFG
    SLICE_X0Y74          FDCE                                         r  result_reg[11]/C
                         clock pessimism             -0.503     1.444    
                         clock uncertainty            0.200     1.644    
    SLICE_X0Y74          FDCE (Hold_fdce_C_D)         0.070     1.714    result_reg[11]
  -------------------------------------------------------------------
                         required time                         -1.714    
                         arrival time                           1.804    
  -------------------------------------------------------------------
                         slack                                  0.089    

Slack (MET) :             0.098ns  (arrival time - required time)
  Source:                 stage2_mult_reg[1]/C
                            (rising edge-triggered cell FDCE clocked by clk  {rise@0.000ns fall@10.000ns period=20.000ns})
  Destination:            stage3_acc_reg[3]/D
                            (rising edge-triggered cell FDCE clocked by clk  {rise@0.000ns fall@10.000ns period=20.000ns})
  Path Group:             clk
  Path Type:              Hold (Min at Fast Process Corner)
  Requirement:            0.000ns  (clk rise@0.000ns - clk rise@0.000ns)
  Data Path Delay:        0.416ns  (logic 0.308ns (73.957%)  route 0.108ns (26.043%))
  Logic Levels:           1  (CARRY4=1)
  Clock Path Skew:        0.013ns (DCD - SCD - CPR)
    Destination Clock Delay (DCD):    1.954ns
    Source Clock Delay      (SCD):    1.437ns
    Clock Pessimism Removal (CPR):    0.503ns
  Clock Uncertainty:      0.200ns  ((TSJ^2 + TIJ^2)^1/2 + DJ) / 2 + PE + UU
    Total System Jitter     (TSJ):    0.000ns
    Total Input Jitter      (TIJ):    0.000ns
    Discrete Jitter          (DJ):    0.000ns
    Phase Error              (PE):    0.000ns
    User Uncertainty         (UU):    0.200ns

    Location             Delay type                Incr(ns)  Path(ns)    Netlist Resource(s)
  -------------------------------------------------------------------    -------------------
                         (clock clk rise edge)        0.000     0.000 r  
    N15                                               0.000     0.000 r  clk (IN)
                         net (fo=0)                   0.000     0.000    clk
    N15                  IBUF (Prop_ibuf_I_O)         0.177     0.177 r  clk_IBUF_inst/O
                         net (fo=1, routed)           0.640     0.817    clk_IBUF
    BUFGCTRL_X0Y0        BUFG (Prop_bufg_I_O)         0.026     0.843 r  clk_IBUF_BUFG_inst/O
                         net (fo=64, routed)          0.595     1.437    clk_IBUF_BUFG
    SLICE_X3Y68          FDCE                                         r  stage2_mult_reg[1]/C
  -------------------------------------------------------------------    -------------------
    SLICE_X3Y68          FDCE (Prop_fdce_C_Q)         0.141     1.578 r  stage2_mult_reg[1]/Q
                         net (fo=2, routed)           0.108     1.687    stage2_mult[1]
    SLICE_X0Y69          CARRY4 (Prop_carry4_DI[1]_O[3])
                                                      0.167     1.854 r  stage3_acc_reg[3]_i_1/O[3]
                         net (fo=1, routed)           0.000     1.854    p_0_in[3]
    SLICE_X0Y69          FDCE                                         r  stage3_acc_reg[3]/D
  -------------------------------------------------------------------    -------------------

                         (clock clk rise edge)        0.000     0.000 r  
    N15                                               0.000     0.000 r  clk (IN)
                         net (fo=0)                   0.000     0.000    clk
    N15                  IBUF (Prop_ibuf_I_O)         0.365     0.365 r  clk_IBUF_inst/O
                         net (fo=1, routed)           0.695     1.060    clk_IBUF
    BUFGCTRL_X0Y0        BUFG (Prop_bufg_I_O)         0.029     1.089 r  clk_IBUF_BUFG_inst/O
                         net (fo=64, routed)          0.865     1.954    clk_IBUF_BUFG
    SLICE_X0Y69          FDCE                                         r  stage3_acc_reg[3]/C
                         clock pessimism             -0.503     1.450    
                         clock uncertainty            0.200     1.650    
    SLICE_X0Y69          FDCE (Hold_fdce_C_D)         0.105     1.755    stage3_acc_reg[3]
  -------------------------------------------------------------------
                         required time                         -1.755    
                         arrival time                           1.854    
  -------------------------------------------------------------------
                         slack                                  0.098    

Slack (MET) :             0.103ns  (arrival time - required time)
  Source:                 stage2_mult_reg[7]/C
                            (rising edge-triggered cell FDCE clocked by clk  {rise@0.000ns fall@10.000ns period=20.000ns})
  Destination:            stage3_acc_reg[7]/D
                            (rising edge-triggered cell FDCE clocked by clk  {rise@0.000ns fall@10.000ns period=20.000ns})
  Path Group:             clk
  Path Type:              Hold (Min at Fast Process Corner)
  Requirement:            0.000ns  (clk rise@0.000ns - clk rise@0.000ns)
  Data Path Delay:        0.422ns  (logic 0.272ns (64.521%)  route 0.150ns (35.479%))
  Logic Levels:           2  (CARRY4=1 LUT2=1)
  Clock Path Skew:        0.014ns (DCD - SCD - CPR)
    Destination Clock Delay (DCD):    1.953ns
    Source Clock Delay      (SCD):    1.435ns
    Clock Pessimism Removal (CPR):    0.503ns
  Clock Uncertainty:      0.200ns  ((TSJ^2 + TIJ^2)^1/2 + DJ) / 2 + PE + UU
    Total System Jitter     (TSJ):    0.000ns
    Total Input Jitter      (TIJ):    0.000ns
    Discrete Jitter          (DJ):    0.000ns
    Phase Error              (PE):    0.000ns
    User Uncertainty         (UU):    0.200ns

    Location             Delay type                Incr(ns)  Path(ns)    Netlist Resource(s)
  -------------------------------------------------------------------    -------------------
                         (clock clk rise edge)        0.000     0.000 r  
    N15                                               0.000     0.000 r  clk (IN)
                         net (fo=0)                   0.000     0.000    clk
    N15                  IBUF (Prop_ibuf_I_O)         0.177     0.177 r  clk_IBUF_inst/O
                         net (fo=1, routed)           0.640     0.817    clk_IBUF
    BUFGCTRL_X0Y0        BUFG (Prop_bufg_I_O)         0.026     0.843 r  clk_IBUF_BUFG_inst/O
                         net (fo=64, routed)          0.593     1.435    clk_IBUF_BUFG
    SLICE_X2Y70          FDCE                                         r  stage2_mult_reg[7]/C
  -------------------------------------------------------------------    -------------------
    SLICE_X2Y70          FDCE (Prop_fdce_C_Q)         0.164     1.599 r  stage2_mult_reg[7]/Q
                         net (fo=2, routed)           0.150     1.749    stage2_mult[7]
    SLICE_X0Y70          LUT2 (Prop_lut2_I0_O)        0.045     1.794 r  stage3_acc[7]_i_2/O
                         net (fo=1, routed)           0.000     1.794    stage3_acc[7]_i_2_n_0
    SLICE_X0Y70          CARRY4 (Prop_carry4_S[3]_O[3])
                                                      0.063     1.857 r  stage3_acc_reg[7]_i_1/O[3]
                         net (fo=1, routed)           0.000     1.857    p_0_in[7]
    SLICE_X0Y70          FDCE                                         r  stage3_acc_reg[7]/D
  -------------------------------------------------------------------    -------------------

                         (clock clk rise edge)        0.000     0.000 r  
    N15                                               0.000     0.000 r  clk (IN)
                         net (fo=0)                   0.000     0.000    clk
    N15                  IBUF (Prop_ibuf_I_O)         0.365     0.365 r  clk_IBUF_inst/O
                         net (fo=1, routed)           0.695     1.060    clk_IBUF
    BUFGCTRL_X0Y0        BUFG (Prop_bufg_I_O)         0.029     1.089 r  clk_IBUF_BUFG_inst/O
                         net (fo=64, routed)          0.864     1.953    clk_IBUF_BUFG
    SLICE_X0Y70          FDCE                                         r  stage3_acc_reg[7]/C
                         clock pessimism             -0.503     1.449    
                         clock uncertainty            0.200     1.649    
    SLICE_X0Y70          FDCE (Hold_fdce_C_D)         0.105     1.754    stage3_acc_reg[7]
  -------------------------------------------------------------------
                         required time                         -1.754    
                         arrival time                           1.857    
  -------------------------------------------------------------------
                         slack                                  0.103    





Pulse Width Checks
--------------------------------------------------------------------------------------
Clock Name:         clk
Waveform(ns):       { 0.000 10.000 }
Period(ns):         20.000
Sources:            { clk }

Check Type        Corner  Lib Pin  Reference Pin  Required(ns)  Actual(ns)  Slack(ns)  Location       Pin
Min Period        n/a     BUFG/I   n/a            2.155         20.000      17.845     BUFGCTRL_X0Y0  clk_IBUF_BUFG_inst/I
Min Period        n/a     FDCE/C   n/a            1.000         20.000      19.000     SLICE_X1Y72    result_reg[0]/C
Min Period        n/a     FDCE/C   n/a            1.000         20.000      19.000     SLICE_X1Y73    result_reg[10]/C
Min Period        n/a     FDCE/C   n/a            1.000         20.000      19.000     SLICE_X0Y74    result_reg[11]/C
Min Period        n/a     FDCE/C   n/a            1.000         20.000      19.000     SLICE_X1Y72    result_reg[12]/C
Min Period        n/a     FDCE/C   n/a            1.000         20.000      19.000     SLICE_X1Y73    result_reg[13]/C
Min Period        n/a     FDCE/C   n/a            1.000         20.000      19.000     SLICE_X0Y74    result_reg[14]/C
Min Period        n/a     FDCE/C   n/a            1.000         20.000      19.000     SLICE_X1Y73    result_reg[15]/C
Min Period        n/a     FDCE/C   n/a            1.000         20.000      19.000     SLICE_X0Y74    result_reg[1]/C
Min Period        n/a     FDCE/C   n/a            1.000         20.000      19.000     SLICE_X1Y73    result_reg[2]/C
Low Pulse Width   Slow    FDCE/C   n/a            0.500         10.000      9.500      SLICE_X1Y72    result_reg[0]/C
Low Pulse Width   Fast    FDCE/C   n/a            0.500         10.000      9.500      SLICE_X1Y72    result_reg[0]/C
Low Pulse Width   Slow    FDCE/C   n/a            0.500         10.000      9.500      SLICE_X1Y73    result_reg[10]/C
Low Pulse Width   Fast    FDCE/C   n/a            0.500         10.000      9.500      SLICE_X1Y73    result_reg[10]/C
Low Pulse Width   Slow    FDCE/C   n/a            0.500         10.000      9.500      SLICE_X0Y74    result_reg[11]/C
Low Pulse Width   Fast    FDCE/C   n/a            0.500         10.000      9.500      SLICE_X0Y74    result_reg[11]/C
Low Pulse Width   Slow    FDCE/C   n/a            0.500         10.000      9.500      SLICE_X1Y72    result_reg[12]/C
Low Pulse Width   Fast    FDCE/C   n/a            0.500         10.000      9.500      SLICE_X1Y72    result_reg[12]/C
Low Pulse Width   Slow    FDCE/C   n/a            0.500         10.000      9.500      SLICE_X1Y73    result_reg[13]/C
Low Pulse Width   Fast    FDCE/C   n/a            0.500         10.000      9.500      SLICE_X1Y73    result_reg[13]/C
High Pulse Width  Slow    FDCE/C   n/a            0.500         10.000      9.500      SLICE_X1Y72    result_reg[0]/C
High Pulse Width  Fast    FDCE/C   n/a            0.500         10.000      9.500      SLICE_X1Y72    result_reg[0]/C
High Pulse Width  Slow    FDCE/C   n/a            0.500         10.000      9.500      SLICE_X1Y73    result_reg[10]/C
High Pulse Width  Fast    FDCE/C   n/a            0.500         10.000      9.500      SLICE_X1Y73    result_reg[10]/C
High Pulse Width  Slow    FDCE/C   n/a            0.500         10.000      9.500      SLICE_X0Y74    result_reg[11]/C
High Pulse Width  Fast    FDCE/C   n/a            0.500         10.000      9.500      SLICE_X0Y74    result_reg[11]/C
High Pulse Width  Slow    FDCE/C   n/a            0.500         10.000      9.500      SLICE_X1Y72    result_reg[12]/C
High Pulse Width  Fast    FDCE/C   n/a            0.500         10.000      9.500      SLICE_X1Y72    result_reg[12]/C
High Pulse Width  Slow    FDCE/C   n/a            0.500         10.000      9.500      SLICE_X1Y73    result_reg[13]/C
High Pulse Width  Fast    FDCE/C   n/a            0.500         10.000      9.500      SLICE_X1Y73    result_reg[13]/C



---------------------------------------------------------------------------------------------------
Path Group:  **async_default**
From Clock:  clk
  To Clock:  clk

Setup :            0  Failing Endpoints,  Worst Slack       16.534ns,  Total Violation        0.000ns
Hold  :            0  Failing Endpoints,  Worst Slack        0.765ns,  Total Violation        0.000ns
---------------------------------------------------------------------------------------------------


Max Delay Paths
--------------------------------------------------------------------------------------
Slack (MET) :             16.534ns  (required time - arrival time)
  Source:                 rst
                            (input port clocked by clk  {rise@0.000ns fall@10.000ns period=20.000ns})
  Destination:            stage1_add_reg[4]/CLR
                            (recovery check against rising-edge clock clk  {rise@0.000ns fall@10.000ns period=20.000ns})
  Path Group:             **async_default**
  Path Type:              Recovery (Max at Slow Process Corner)
  Requirement:            20.000ns  (clk rise@20.000ns - clk rise@0.000ns)
  Data Path Delay:        5.236ns  (logic 0.964ns (18.405%)  route 4.273ns (81.595%))
  Logic Levels:           1  (IBUF=1)
  Input Delay:            2.000ns
  Clock Path Skew:        4.411ns (DCD - SCD + CPR)
    Destination Clock Delay (DCD):    4.411ns = ( 24.411 - 20.000 ) 
    Source Clock Delay      (SCD):    0.000ns
    Clock Pessimism Removal (CPR):    0.000ns
  Clock Uncertainty:      0.235ns  ((TSJ^2 + TIJ^2)^1/2 + DJ) / 2 + PE + UU
    Total System Jitter     (TSJ):    0.071ns
    Total Input Jitter      (TIJ):    0.000ns
    Discrete Jitter          (DJ):    0.000ns
    Phase Error              (PE):    0.000ns
    User Uncertainty         (UU):    0.200ns

    Location             Delay type                Incr(ns)  Path(ns)    Netlist Resource(s)
  -------------------------------------------------------------------    -------------------
                         (clock clk rise edge)        0.000     0.000 r  
                         input delay                  2.000     2.000    
    P15                                               0.000     2.000 f  rst (IN)
                         net (fo=0)                   0.000     2.000    rst
    P15                  IBUF (Prop_ibuf_I_O)         0.964     2.964 f  rst_IBUF_inst/O
                         net (fo=64, routed)          4.273     7.236    rst_IBUF
    SLICE_X0Y67          FDCE                                         f  stage1_add_reg[4]/CLR
  -------------------------------------------------------------------    -------------------

                         (clock clk rise edge)       20.000    20.000 r  
    N15                                               0.000    20.000 r  clk (IN)
                         net (fo=0)                   0.000    20.000    clk
    N15                  IBUF (Prop_ibuf_I_O)         0.814    20.814 r  clk_IBUF_inst/O
                         net (fo=1, routed)           1.911    22.725    clk_IBUF
    BUFGCTRL_X0Y0        BUFG (Prop_bufg_I_O)         0.091    22.816 r  clk_IBUF_BUFG_inst/O
                         net (fo=64, routed)          1.594    24.411    clk_IBUF_BUFG
    SLICE_X0Y67          FDCE                                         r  stage1_add_reg[4]/C
                         clock pessimism              0.000    24.411    
                         clock uncertainty           -0.235    24.175    
    SLICE_X0Y67          FDCE (Recov_fdce_C_CLR)     -0.405    23.770    stage1_add_reg[4]
  -------------------------------------------------------------------
                         required time                         23.770    
                         arrival time                          -7.236    
  -------------------------------------------------------------------
                         slack                                 16.534    

Slack (MET) :             16.534ns  (required time - arrival time)
  Source:                 rst
                            (input port clocked by clk  {rise@0.000ns fall@10.000ns period=20.000ns})
  Destination:            stage1_add_reg[5]/CLR
                            (recovery check against rising-edge clock clk  {rise@0.000ns fall@10.000ns period=20.000ns})
  Path Group:             **async_default**
  Path Type:              Recovery (Max at Slow Process Corner)
  Requirement:            20.000ns  (clk rise@20.000ns - clk rise@0.000ns)
  Data Path Delay:        5.236ns  (logic 0.964ns (18.405%)  route 4.273ns (81.595%))
  Logic Levels:           1  (IBUF=1)
  Input Delay:            2.000ns
  Clock Path Skew:        4.411ns (DCD - SCD + CPR)
    Destination Clock Delay (DCD):    4.411ns = ( 24.411 - 20.000 ) 
    Source Clock Delay      (SCD):    0.000ns
    Clock Pessimism Removal (CPR):    0.000ns
  Clock Uncertainty:      0.235ns  ((TSJ^2 + TIJ^2)^1/2 + DJ) / 2 + PE + UU
    Total System Jitter     (TSJ):    0.071ns
    Total Input Jitter      (TIJ):    0.000ns
    Discrete Jitter          (DJ):    0.000ns
    Phase Error              (PE):    0.000ns
    User Uncertainty         (UU):    0.200ns

    Location             Delay type                Incr(ns)  Path(ns)    Netlist Resource(s)
  -------------------------------------------------------------------    -------------------
                         (clock clk rise edge)        0.000     0.000 r  
                         input delay                  2.000     2.000    
    P15                                               0.000     2.000 f  rst (IN)
                         net (fo=0)                   0.000     2.000    rst
    P15                  IBUF (Prop_ibuf_I_O)         0.964     2.964 f  rst_IBUF_inst/O
                         net (fo=64, routed)          4.273     7.236    rst_IBUF
    SLICE_X0Y67          FDCE                                         f  stage1_add_reg[5]/CLR
  -------------------------------------------------------------------    -------------------

                         (clock clk rise edge)       20.000    20.000 r  
    N15                                               0.000    20.000 r  clk (IN)
                         net (fo=0)                   0.000    20.000    clk
    N15                  IBUF (Prop_ibuf_I_O)         0.814    20.814 r  clk_IBUF_inst/O
                         net (fo=1, routed)           1.911    22.725    clk_IBUF
    BUFGCTRL_X0Y0        BUFG (Prop_bufg_I_O)         0.091    22.816 r  clk_IBUF_BUFG_inst/O
                         net (fo=64, routed)          1.594    24.411    clk_IBUF_BUFG
    SLICE_X0Y67          FDCE                                         r  stage1_add_reg[5]/C
                         clock pessimism              0.000    24.411    
                         clock uncertainty           -0.235    24.175    
    SLICE_X0Y67          FDCE (Recov_fdce_C_CLR)     -0.405    23.770    stage1_add_reg[5]
  -------------------------------------------------------------------
                         required time                         23.770    
                         arrival time                          -7.236    
  -------------------------------------------------------------------
                         slack                                 16.534    

Slack (MET) :             16.534ns  (required time - arrival time)
  Source:                 rst
                            (input port clocked by clk  {rise@0.000ns fall@10.000ns period=20.000ns})
  Destination:            stage1_add_reg[6]/CLR
                            (recovery check against rising-edge clock clk  {rise@0.000ns fall@10.000ns period=20.000ns})
  Path Group:             **async_default**
  Path Type:              Recovery (Max at Slow Process Corner)
  Requirement:            20.000ns  (clk rise@20.000ns - clk rise@0.000ns)
  Data Path Delay:        5.236ns  (logic 0.964ns (18.405%)  route 4.273ns (81.595%))
  Logic Levels:           1  (IBUF=1)
  Input Delay:            2.000ns
  Clock Path Skew:        4.411ns (DCD - SCD + CPR)
    Destination Clock Delay (DCD):    4.411ns = ( 24.411 - 20.000 ) 
    Source Clock Delay      (SCD):    0.000ns
    Clock Pessimism Removal (CPR):    0.000ns
  Clock Uncertainty:      0.235ns  ((TSJ^2 + TIJ^2)^1/2 + DJ) / 2 + PE + UU
    Total System Jitter     (TSJ):    0.071ns
    Total Input Jitter      (TIJ):    0.000ns
    Discrete Jitter          (DJ):    0.000ns
    Phase Error              (PE):    0.000ns
    User Uncertainty         (UU):    0.200ns

    Location             Delay type                Incr(ns)  Path(ns)    Netlist Resource(s)
  -------------------------------------------------------------------    -------------------
                         (clock clk rise edge)        0.000     0.000 r  
                         input delay                  2.000     2.000    
    P15                                               0.000     2.000 f  rst (IN)
                         net (fo=0)                   0.000     2.000    rst
    P15                  IBUF (Prop_ibuf_I_O)         0.964     2.964 f  rst_IBUF_inst/O
                         net (fo=64, routed)          4.273     7.236    rst_IBUF
    SLICE_X0Y67          FDCE                                         f  stage1_add_reg[6]/CLR
  -------------------------------------------------------------------    -------------------

                         (clock clk rise edge)       20.000    20.000 r  
    N15                                               0.000    20.000 r  clk (IN)
                         net (fo=0)                   0.000    20.000    clk
    N15                  IBUF (Prop_ibuf_I_O)         0.814    20.814 r  clk_IBUF_inst/O
                         net (fo=1, routed)           1.911    22.725    clk_IBUF
    BUFGCTRL_X0Y0        BUFG (Prop_bufg_I_O)         0.091    22.816 r  clk_IBUF_BUFG_inst/O
                         net (fo=64, routed)          1.594    24.411    clk_IBUF_BUFG
    SLICE_X0Y67          FDCE                                         r  stage1_add_reg[6]/C
                         clock pessimism              0.000    24.411    
                         clock uncertainty           -0.235    24.175    
    SLICE_X0Y67          FDCE (Recov_fdce_C_CLR)     -0.405    23.770    stage1_add_reg[6]
  -------------------------------------------------------------------
                         required time                         23.770    
                         arrival time                          -7.236    
  -------------------------------------------------------------------
                         slack                                 16.534    

Slack (MET) :             16.534ns  (required time - arrival time)
  Source:                 rst
                            (input port clocked by clk  {rise@0.000ns fall@10.000ns period=20.000ns})
  Destination:            stage1_add_reg[7]/CLR
                            (recovery check against rising-edge clock clk  {rise@0.000ns fall@10.000ns period=20.000ns})
  Path Group:             **async_default**
  Path Type:              Recovery (Max at Slow Process Corner)
  Requirement:            20.000ns  (clk rise@20.000ns - clk rise@0.000ns)
  Data Path Delay:        5.236ns  (logic 0.964ns (18.405%)  route 4.273ns (81.595%))
  Logic Levels:           1  (IBUF=1)
  Input Delay:            2.000ns
  Clock Path Skew:        4.411ns (DCD - SCD + CPR)
    Destination Clock Delay (DCD):    4.411ns = ( 24.411 - 20.000 ) 
    Source Clock Delay      (SCD):    0.000ns
    Clock Pessimism Removal (CPR):    0.000ns
  Clock Uncertainty:      0.235ns  ((TSJ^2 + TIJ^2)^1/2 + DJ) / 2 + PE + UU
    Total System Jitter     (TSJ):    0.071ns
    Total Input Jitter      (TIJ):    0.000ns
    Discrete Jitter          (DJ):    0.000ns
    Phase Error              (PE):    0.000ns
    User Uncertainty         (UU):    0.200ns

    Location             Delay type                Incr(ns)  Path(ns)    Netlist Resource(s)
  -------------------------------------------------------------------    -------------------
                         (clock clk rise edge)        0.000     0.000 r  
                         input delay                  2.000     2.000    
    P15                                               0.000     2.000 f  rst (IN)
                         net (fo=0)                   0.000     2.000    rst
    P15                  IBUF (Prop_ibuf_I_O)         0.964     2.964 f  rst_IBUF_inst/O
                         net (fo=64, routed)          4.273     7.236    rst_IBUF
    SLICE_X0Y67          FDCE                                         f  stage1_add_reg[7]/CLR
  -------------------------------------------------------------------    -------------------

                         (clock clk rise edge)       20.000    20.000 r  
    N15                                               0.000    20.000 r  clk (IN)
                         net (fo=0)                   0.000    20.000    clk
    N15                  IBUF (Prop_ibuf_I_O)         0.814    20.814 r  clk_IBUF_inst/O
                         net (fo=1, routed)           1.911    22.725    clk_IBUF
    BUFGCTRL_X0Y0        BUFG (Prop_bufg_I_O)         0.091    22.816 r  clk_IBUF_BUFG_inst/O
                         net (fo=64, routed)          1.594    24.411    clk_IBUF_BUFG
    SLICE_X0Y67          FDCE                                         r  stage1_add_reg[7]/C
                         clock pessimism              0.000    24.411    
                         clock uncertainty           -0.235    24.175    
    SLICE_X0Y67          FDCE (Recov_fdce_C_CLR)     -0.405    23.770    stage1_add_reg[7]
  -------------------------------------------------------------------
                         required time                         23.770    
                         arrival time                          -7.236    
  -------------------------------------------------------------------
                         slack                                 16.534    

Slack (MET) :             16.611ns  (required time - arrival time)
  Source:                 rst
                            (input port clocked by clk  {rise@0.000ns fall@10.000ns period=20.000ns})
  Destination:            result_reg[10]/CLR
                            (recovery check against rising-edge clock clk  {rise@0.000ns fall@10.000ns period=20.000ns})
  Path Group:             **async_default**
  Path Type:              Recovery (Max at Slow Process Corner)
  Requirement:            20.000ns  (clk rise@20.000ns - clk rise@0.000ns)
  Data Path Delay:        5.152ns  (logic 0.964ns (18.706%)  route 4.188ns (81.294%))
  Logic Levels:           1  (IBUF=1)
  Input Delay:            2.000ns
  Clock Path Skew:        4.404ns (DCD - SCD + CPR)
    Destination Clock Delay (DCD):    4.404ns = ( 24.404 - 20.000 ) 
    Source Clock Delay      (SCD):    0.000ns
    Clock Pessimism Removal (CPR):    0.000ns
  Clock Uncertainty:      0.235ns  ((TSJ^2 + TIJ^2)^1/2 + DJ) / 2 + PE + UU
    Total System Jitter     (TSJ):    0.071ns
    Total Input Jitter      (TIJ):    0.000ns
    Discrete Jitter          (DJ):    0.000ns
    Phase Error              (PE):    0.000ns
    User Uncertainty         (UU):    0.200ns

    Location             Delay type                Incr(ns)  Path(ns)    Netlist Resource(s)
  -------------------------------------------------------------------    -------------------
                         (clock clk rise edge)        0.000     0.000 r  
                         input delay                  2.000     2.000    
    P15                                               0.000     2.000 f  rst (IN)
                         net (fo=0)                   0.000     2.000    rst
    P15                  IBUF (Prop_ibuf_I_O)         0.964     2.964 f  rst_IBUF_inst/O
                         net (fo=64, routed)          4.188     7.152    rst_IBUF
    SLICE_X1Y73          FDCE                                         f  result_reg[10]/CLR
  -------------------------------------------------------------------    -------------------

                         (clock clk rise edge)       20.000    20.000 r  
    N15                                               0.000    20.000 r  clk (IN)
                         net (fo=0)                   0.000    20.000    clk
    N15                  IBUF (Prop_ibuf_I_O)         0.814    20.814 r  clk_IBUF_inst/O
                         net (fo=1, routed)           1.911    22.725    clk_IBUF
    BUFGCTRL_X0Y0        BUFG (Prop_bufg_I_O)         0.091    22.816 r  clk_IBUF_BUFG_inst/O
                         net (fo=64, routed)          1.587    24.404    clk_IBUF_BUFG
    SLICE_X1Y73          FDCE                                         r  result_reg[10]/C
                         clock pessimism              0.000    24.404    
                         clock uncertainty           -0.235    24.168    
    SLICE_X1Y73          FDCE (Recov_fdce_C_CLR)     -0.405    23.763    result_reg[10]
  -------------------------------------------------------------------
                         required time                         23.763    
                         arrival time                          -7.152    
  -------------------------------------------------------------------
                         slack                                 16.611    

Slack (MET) :             16.611ns  (required time - arrival time)
  Source:                 rst
                            (input port clocked by clk  {rise@0.000ns fall@10.000ns period=20.000ns})
  Destination:            result_reg[13]/CLR
                            (recovery check against rising-edge clock clk  {rise@0.000ns fall@10.000ns period=20.000ns})
  Path Group:             **async_default**
  Path Type:              Recovery (Max at Slow Process Corner)
  Requirement:            20.000ns  (clk rise@20.000ns - clk rise@0.000ns)
  Data Path Delay:        5.152ns  (logic 0.964ns (18.706%)  route 4.188ns (81.294%))
  Logic Levels:           1  (IBUF=1)
  Input Delay:            2.000ns
  Clock Path Skew:        4.404ns (DCD - SCD + CPR)
    Destination Clock Delay (DCD):    4.404ns = ( 24.404 - 20.000 ) 
    Source Clock Delay      (SCD):    0.000ns
    Clock Pessimism Removal (CPR):    0.000ns
  Clock Uncertainty:      0.235ns  ((TSJ^2 + TIJ^2)^1/2 + DJ) / 2 + PE + UU
    Total System Jitter     (TSJ):    0.071ns
    Total Input Jitter      (TIJ):    0.000ns
    Discrete Jitter          (DJ):    0.000ns
    Phase Error              (PE):    0.000ns
    User Uncertainty         (UU):    0.200ns

    Location             Delay type                Incr(ns)  Path(ns)    Netlist Resource(s)
  -------------------------------------------------------------------    -------------------
                         (clock clk rise edge)        0.000     0.000 r  
                         input delay                  2.000     2.000    
    P15                                               0.000     2.000 f  rst (IN)
                         net (fo=0)                   0.000     2.000    rst
    P15                  IBUF (Prop_ibuf_I_O)         0.964     2.964 f  rst_IBUF_inst/O
                         net (fo=64, routed)          4.188     7.152    rst_IBUF
    SLICE_X1Y73          FDCE                                         f  result_reg[13]/CLR
  -------------------------------------------------------------------    -------------------

                         (clock clk rise edge)       20.000    20.000 r  
    N15                                               0.000    20.000 r  clk (IN)
                         net (fo=0)                   0.000    20.000    clk
    N15                  IBUF (Prop_ibuf_I_O)         0.814    20.814 r  clk_IBUF_inst/O
                         net (fo=1, routed)           1.911    22.725    clk_IBUF
    BUFGCTRL_X0Y0        BUFG (Prop_bufg_I_O)         0.091    22.816 r  clk_IBUF_BUFG_inst/O
                         net (fo=64, routed)          1.587    24.404    clk_IBUF_BUFG
    SLICE_X1Y73          FDCE                                         r  result_reg[13]/C
                         clock pessimism              0.000    24.404    
                         clock uncertainty           -0.235    24.168    
    SLICE_X1Y73          FDCE (Recov_fdce_C_CLR)     -0.405    23.763    result_reg[13]
  -------------------------------------------------------------------
                         required time                         23.763    
                         arrival time                          -7.152    
  -------------------------------------------------------------------
                         slack                                 16.611    

Slack (MET) :             16.611ns  (required time - arrival time)
  Source:                 rst
                            (input port clocked by clk  {rise@0.000ns fall@10.000ns period=20.000ns})
  Destination:            result_reg[15]/CLR
                            (recovery check against rising-edge clock clk  {rise@0.000ns fall@10.000ns period=20.000ns})
  Path Group:             **async_default**
  Path Type:              Recovery (Max at Slow Process Corner)
  Requirement:            20.000ns  (clk rise@20.000ns - clk rise@0.000ns)
  Data Path Delay:        5.152ns  (logic 0.964ns (18.706%)  route 4.188ns (81.294%))
  Logic Levels:           1  (IBUF=1)
  Input Delay:            2.000ns
  Clock Path Skew:        4.404ns (DCD - SCD + CPR)
    Destination Clock Delay (DCD):    4.404ns = ( 24.404 - 20.000 ) 
    Source Clock Delay      (SCD):    0.000ns
    Clock Pessimism Removal (CPR):    0.000ns
  Clock Uncertainty:      0.235ns  ((TSJ^2 + TIJ^2)^1/2 + DJ) / 2 + PE + UU
    Total System Jitter     (TSJ):    0.071ns
    Total Input Jitter      (TIJ):    0.000ns
    Discrete Jitter          (DJ):    0.000ns
    Phase Error              (PE):    0.000ns
    User Uncertainty         (UU):    0.200ns

    Location             Delay type                Incr(ns)  Path(ns)    Netlist Resource(s)
  -------------------------------------------------------------------    -------------------
                         (clock clk rise edge)        0.000     0.000 r  
                         input delay                  2.000     2.000    
    P15                                               0.000     2.000 f  rst (IN)
                         net (fo=0)                   0.000     2.000    rst
    P15                  IBUF (Prop_ibuf_I_O)         0.964     2.964 f  rst_IBUF_inst/O
                         net (fo=64, routed)          4.188     7.152    rst_IBUF
    SLICE_X1Y73          FDCE                                         f  result_reg[15]/CLR
  -------------------------------------------------------------------    -------------------

                         (clock clk rise edge)       20.000    20.000 r  
    N15                                               0.000    20.000 r  clk (IN)
                         net (fo=0)                   0.000    20.000    clk
    N15                  IBUF (Prop_ibuf_I_O)         0.814    20.814 r  clk_IBUF_inst/O
                         net (fo=1, routed)           1.911    22.725    clk_IBUF
    BUFGCTRL_X0Y0        BUFG (Prop_bufg_I_O)         0.091    22.816 r  clk_IBUF_BUFG_inst/O
                         net (fo=64, routed)          1.587    24.404    clk_IBUF_BUFG
    SLICE_X1Y73          FDCE                                         r  result_reg[15]/C
                         clock pessimism              0.000    24.404    
                         clock uncertainty           -0.235    24.168    
    SLICE_X1Y73          FDCE (Recov_fdce_C_CLR)     -0.405    23.763    result_reg[15]
  -------------------------------------------------------------------
                         required time                         23.763    
                         arrival time                          -7.152    
  -------------------------------------------------------------------
                         slack                                 16.611    

Slack (MET) :             16.611ns  (required time - arrival time)
  Source:                 rst
                            (input port clocked by clk  {rise@0.000ns fall@10.000ns period=20.000ns})
  Destination:            result_reg[2]/CLR
                            (recovery check against rising-edge clock clk  {rise@0.000ns fall@10.000ns period=20.000ns})
  Path Group:             **async_default**
  Path Type:              Recovery (Max at Slow Process Corner)
  Requirement:            20.000ns  (clk rise@20.000ns - clk rise@0.000ns)
  Data Path Delay:        5.152ns  (logic 0.964ns (18.706%)  route 4.188ns (81.294%))
  Logic Levels:           1  (IBUF=1)
  Input Delay:            2.000ns
  Clock Path Skew:        4.404ns (DCD - SCD + CPR)
    Destination Clock Delay (DCD):    4.404ns = ( 24.404 - 20.000 ) 
    Source Clock Delay      (SCD):    0.000ns
    Clock Pessimism Removal (CPR):    0.000ns
  Clock Uncertainty:      0.235ns  ((TSJ^2 + TIJ^2)^1/2 + DJ) / 2 + PE + UU
    Total System Jitter     (TSJ):    0.071ns
    Total Input Jitter      (TIJ):    0.000ns
    Discrete Jitter          (DJ):    0.000ns
    Phase Error              (PE):    0.000ns
    User Uncertainty         (UU):    0.200ns

    Location             Delay type                Incr(ns)  Path(ns)    Netlist Resource(s)
  -------------------------------------------------------------------    -------------------
                         (clock clk rise edge)        0.000     0.000 r  
                         input delay                  2.000     2.000    
    P15                                               0.000     2.000 f  rst (IN)
                         net (fo=0)                   0.000     2.000    rst
    P15                  IBUF (Prop_ibuf_I_O)         0.964     2.964 f  rst_IBUF_inst/O
                         net (fo=64, routed)          4.188     7.152    rst_IBUF
    SLICE_X1Y73          FDCE                                         f  result_reg[2]/CLR
  -------------------------------------------------------------------    -------------------

                         (clock clk rise edge)       20.000    20.000 r  
    N15                                               0.000    20.000 r  clk (IN)
                         net (fo=0)                   0.000    20.000    clk
    N15                  IBUF (Prop_ibuf_I_O)         0.814    20.814 r  clk_IBUF_inst/O
                         net (fo=1, routed)           1.911    22.725    clk_IBUF
    BUFGCTRL_X0Y0        BUFG (Prop_bufg_I_O)         0.091    22.816 r  clk_IBUF_BUFG_inst/O
                         net (fo=64, routed)          1.587    24.404    clk_IBUF_BUFG
    SLICE_X1Y73          FDCE                                         r  result_reg[2]/C
                         clock pessimism              0.000    24.404    
                         clock uncertainty           -0.235    24.168    
    SLICE_X1Y73          FDCE (Recov_fdce_C_CLR)     -0.405    23.763    result_reg[2]
  -------------------------------------------------------------------
                         required time                         23.763    
                         arrival time                          -7.152    
  -------------------------------------------------------------------
                         slack                                 16.611    

Slack (MET) :             16.643ns  (required time - arrival time)
  Source:                 rst
                            (input port clocked by clk  {rise@0.000ns fall@10.000ns period=20.000ns})
  Destination:            stage2_mult_reg[15]/CLR
                            (recovery check against rising-edge clock clk  {rise@0.000ns fall@10.000ns period=20.000ns})
  Path Group:             **async_default**
  Path Type:              Recovery (Max at Fast Process Corner)
  Requirement:            20.000ns  (clk rise@20.000ns - clk rise@0.000ns)
  Data Path Delay:        2.451ns  (logic 0.381ns (15.560%)  route 2.070ns (84.440%))
  Logic Levels:           1  (IBUF=1)
  Input Delay:            2.000ns
  Clock Path Skew:        1.434ns (DCD - SCD + CPR)
    Destination Clock Delay (DCD):    1.434ns = ( 21.434 - 20.000 ) 
    Source Clock Delay      (SCD):    0.000ns
    Clock Pessimism Removal (CPR):    0.000ns
  Clock Uncertainty:      0.235ns  ((TSJ^2 + TIJ^2)^1/2 + DJ) / 2 + PE + UU
    Total System Jitter     (TSJ):    0.071ns
    Total Input Jitter      (TIJ):    0.000ns
    Discrete Jitter          (DJ):    0.000ns
    Phase Error              (PE):    0.000ns
    User Uncertainty         (UU):    0.200ns

    Location             Delay type                Incr(ns)  Path(ns)    Netlist Resource(s)
  -------------------------------------------------------------------    -------------------
                         (clock clk rise edge)        0.000     0.000 r  
                         input delay                  2.000     2.000    
    P15                                               0.000     2.000 f  rst (IN)
                         net (fo=0)                   0.000     2.000    rst
    P15                  IBUF (Prop_ibuf_I_O)         0.381     2.381 f  rst_IBUF_inst/O
                         net (fo=64, routed)          2.070     4.451    rst_IBUF
    SLICE_X2Y72          FDCE                                         f  stage2_mult_reg[15]/CLR
  -------------------------------------------------------------------    -------------------

                         (clock clk rise edge)       20.000    20.000 r  
    N15                                               0.000    20.000 r  clk (IN)
                         net (fo=0)                   0.000    20.000    clk
    N15                  IBUF (Prop_ibuf_I_O)         0.177    20.177 r  clk_IBUF_inst/O
                         net (fo=1, routed)           0.640    20.817    clk_IBUF
    BUFGCTRL_X0Y0        BUFG (Prop_bufg_I_O)         0.026    20.843 r  clk_IBUF_BUFG_inst/O
                         net (fo=64, routed)          0.592    21.434    clk_IBUF_BUFG
    SLICE_X2Y72          FDCE                                         r  stage2_mult_reg[15]/C
                         clock pessimism              0.000    21.434    
                         clock uncertainty           -0.235    21.199    
    SLICE_X2Y72          FDCE (Recov_fdce_C_CLR)     -0.105    21.094    stage2_mult_reg[15]
  -------------------------------------------------------------------
                         required time                         21.094    
                         arrival time                          -4.451    
  -------------------------------------------------------------------
                         slack                                 16.643    

Slack (MET) :             16.650ns  (required time - arrival time)
  Source:                 rst
                            (input port clocked by clk  {rise@0.000ns fall@10.000ns period=20.000ns})
  Destination:            stage3_acc_reg[10]/CLR
                            (recovery check against rising-edge clock clk  {rise@0.000ns fall@10.000ns period=20.000ns})
  Path Group:             **async_default**
  Path Type:              Recovery (Max at Slow Process Corner)
  Requirement:            20.000ns  (clk rise@20.000ns - clk rise@0.000ns)
  Data Path Delay:        5.116ns  (logic 0.964ns (18.838%)  route 4.152ns (81.162%))
  Logic Levels:           1  (IBUF=1)
  Input Delay:            2.000ns
  Clock Path Skew:        4.407ns (DCD - SCD + CPR)
    Destination Clock Delay (DCD):    4.407ns = ( 24.407 - 20.000 ) 
    Source Clock Delay      (SCD):    0.000ns
    Clock Pessimism Removal (CPR):    0.000ns
  Clock Uncertainty:      0.235ns  ((TSJ^2 + TIJ^2)^1/2 + DJ) / 2 + PE + UU
    Total System Jitter     (TSJ):    0.071ns
    Total Input Jitter      (TIJ):    0.000ns
    Discrete Jitter          (DJ):    0.000ns
    Phase Error              (PE):    0.000ns
    User Uncertainty         (UU):    0.200ns

    Location             Delay type                Incr(ns)  Path(ns)    Netlist Resource(s)
  -------------------------------------------------------------------    -------------------
                         (clock clk rise edge)        0.000     0.000 r  
                         input delay                  2.000     2.000    
    P15                                               0.000     2.000 f  rst (IN)
                         net (fo=0)                   0.000     2.000    rst
    P15                  IBUF (Prop_ibuf_I_O)         0.964     2.964 f  rst_IBUF_inst/O
                         net (fo=64, routed)          4.152     7.116    rst_IBUF
    SLICE_X0Y71          FDCE                                         f  stage3_acc_reg[10]/CLR
  -------------------------------------------------------------------    -------------------

                         (clock clk rise edge)       20.000    20.000 r  
    N15                                               0.000    20.000 r  clk (IN)
                         net (fo=0)                   0.000    20.000    clk
    N15                  IBUF (Prop_ibuf_I_O)         0.814    20.814 r  clk_IBUF_inst/O
                         net (fo=1, routed)           1.911    22.725    clk_IBUF
    BUFGCTRL_X0Y0        BUFG (Prop_bufg_I_O)         0.091    22.816 r  clk_IBUF_BUFG_inst/O
                         net (fo=64, routed)          1.590    24.407    clk_IBUF_BUFG
    SLICE_X0Y71          FDCE                                         r  stage3_acc_reg[10]/C
                         clock pessimism              0.000    24.407    
                         clock uncertainty           -0.235    24.171    
    SLICE_X0Y71          FDCE (Recov_fdce_C_CLR)     -0.405    23.766    stage3_acc_reg[10]
  -------------------------------------------------------------------
                         required time                         23.766    
                         arrival time                          -7.116    
  -------------------------------------------------------------------
                         slack                                 16.650    





Min Delay Paths
--------------------------------------------------------------------------------------
Slack (MET) :             0.765ns  (arrival time - required time)
  Source:                 rst
                            (input port clocked by clk  {rise@0.000ns fall@10.000ns period=20.000ns})
  Destination:            stage1_add_reg[0]/CLR
                            (removal check against rising-edge clock clk  {rise@0.000ns fall@10.000ns period=20.000ns})
  Path Group:             **async_default**
  Path Type:              Removal (Min at Slow Process Corner)
  Requirement:            0.000ns  (clk rise@0.000ns - clk rise@0.000ns)
  Data Path Delay:        3.567ns  (logic 0.830ns (23.273%)  route 2.737ns (76.727%))
  Logic Levels:           1  (IBUF=1)
  Input Delay:            2.000ns
  Clock Path Skew:        4.775ns (DCD - SCD - CPR)
    Destination Clock Delay (DCD):    4.775ns
    Source Clock Delay      (SCD):    0.000ns
    Clock Pessimism Removal (CPR):    -0.000ns
  Clock Uncertainty:      0.235ns  ((TSJ^2 + TIJ^2)^1/2 + DJ) / 2 + PE + UU
    Total System Jitter     (TSJ):    0.071ns
    Total Input Jitter      (TIJ):    0.000ns
    Discrete Jitter          (DJ):    0.000ns
    Phase Error              (PE):    0.000ns
    User Uncertainty         (UU):    0.200ns

    Location             Delay type                Incr(ns)  Path(ns)    Netlist Resource(s)
  -------------------------------------------------------------------    -------------------
                         (clock clk rise edge)        0.000     0.000 r  
                         input delay                  2.000     2.000    
    P15                                               0.000     2.000 f  rst (IN)
                         net (fo=0)                   0.000     2.000    rst
    P15                  IBUF (Prop_ibuf_I_O)         0.830     2.830 f  rst_IBUF_inst/O
                         net (fo=64, routed)          2.737     5.567    rst_IBUF
    SLICE_X0Y66          FDCE                                         f  stage1_add_reg[0]/CLR
  -------------------------------------------------------------------    -------------------

                         (clock clk rise edge)        0.000     0.000 r  
    N15                                               0.000     0.000 r  clk (IN)
                         net (fo=0)                   0.000     0.000    clk
    N15                  IBUF (Prop_ibuf_I_O)         0.948     0.948 r  clk_IBUF_inst/O
                         net (fo=1, routed)           2.016     2.963    clk_IBUF
    BUFGCTRL_X0Y0        BUFG (Prop_bufg_I_O)         0.096     3.059 r  clk_IBUF_BUFG_inst/O
                         net (fo=64, routed)          1.715     4.775    clk_IBUF_BUFG
    SLICE_X0Y66          FDCE                                         r  stage1_add_reg[0]/C
                         clock pessimism              0.000     4.775    
                         clock uncertainty            0.235     5.010    
    SLICE_X0Y66          FDCE (Remov_fdce_C_CLR)     -0.208     4.802    stage1_add_reg[0]
  -------------------------------------------------------------------
                         required time                         -4.802    
                         arrival time                           5.567    
  -------------------------------------------------------------------
                         slack                                  0.765    

Slack (MET) :             0.765ns  (arrival time - required time)
  Source:                 rst
                            (input port clocked by clk  {rise@0.000ns fall@10.000ns period=20.000ns})
  Destination:            stage1_add_reg[1]/CLR
                            (removal check against rising-edge clock clk  {rise@0.000ns fall@10.000ns period=20.000ns})
  Path Group:             **async_default**
  Path Type:              Removal (Min at Slow Process Corner)
  Requirement:            0.000ns  (clk rise@0.000ns - clk rise@0.000ns)
  Data Path Delay:        3.567ns  (logic 0.830ns (23.273%)  route 2.737ns (76.727%))
  Logic Levels:           1  (IBUF=1)
  Input Delay:            2.000ns
  Clock Path Skew:        4.775ns (DCD - SCD - CPR)
    Destination Clock Delay (DCD):    4.775ns
    Source Clock Delay      (SCD):    0.000ns
    Clock Pessimism Removal (CPR):    -0.000ns
  Clock Uncertainty:      0.235ns  ((TSJ^2 + TIJ^2)^1/2 + DJ) / 2 + PE + UU
    Total System Jitter     (TSJ):    0.071ns
    Total Input Jitter      (TIJ):    0.000ns
    Discrete Jitter          (DJ):    0.000ns
    Phase Error              (PE):    0.000ns
    User Uncertainty         (UU):    0.200ns

    Location             Delay type                Incr(ns)  Path(ns)    Netlist Resource(s)
  -------------------------------------------------------------------    -------------------
                         (clock clk rise edge)        0.000     0.000 r  
                         input delay                  2.000     2.000    
    P15                                               0.000     2.000 f  rst (IN)
                         net (fo=0)                   0.000     2.000    rst
    P15                  IBUF (Prop_ibuf_I_O)         0.830     2.830 f  rst_IBUF_inst/O
                         net (fo=64, routed)          2.737     5.567    rst_IBUF
    SLICE_X0Y66          FDCE                                         f  stage1_add_reg[1]/CLR
  -------------------------------------------------------------------    -------------------

                         (clock clk rise edge)        0.000     0.000 r  
    N15                                               0.000     0.000 r  clk (IN)
                         net (fo=0)                   0.000     0.000    clk
    N15                  IBUF (Prop_ibuf_I_O)         0.948     0.948 r  clk_IBUF_inst/O
                         net (fo=1, routed)           2.016     2.963    clk_IBUF
    BUFGCTRL_X0Y0        BUFG (Prop_bufg_I_O)         0.096     3.059 r  clk_IBUF_BUFG_inst/O
                         net (fo=64, routed)          1.715     4.775    clk_IBUF_BUFG
    SLICE_X0Y66          FDCE                                         r  stage1_add_reg[1]/C
                         clock pessimism              0.000     4.775    
                         clock uncertainty            0.235     5.010    
    SLICE_X0Y66          FDCE (Remov_fdce_C_CLR)     -0.208     4.802    stage1_add_reg[1]
  -------------------------------------------------------------------
                         required time                         -4.802    
                         arrival time                           5.567    
  -------------------------------------------------------------------
                         slack                                  0.765    

Slack (MET) :             0.765ns  (arrival time - required time)
  Source:                 rst
                            (input port clocked by clk  {rise@0.000ns fall@10.000ns period=20.000ns})
  Destination:            stage1_add_reg[2]/CLR
                            (removal check against rising-edge clock clk  {rise@0.000ns fall@10.000ns period=20.000ns})
  Path Group:             **async_default**
  Path Type:              Removal (Min at Slow Process Corner)
  Requirement:            0.000ns  (clk rise@0.000ns - clk rise@0.000ns)
  Data Path Delay:        3.567ns  (logic 0.830ns (23.273%)  route 2.737ns (76.727%))
  Logic Levels:           1  (IBUF=1)
  Input Delay:            2.000ns
  Clock Path Skew:        4.775ns (DCD - SCD - CPR)
    Destination Clock Delay (DCD):    4.775ns
    Source Clock Delay      (SCD):    0.000ns
    Clock Pessimism Removal (CPR):    -0.000ns
  Clock Uncertainty:      0.235ns  ((TSJ^2 + TIJ^2)^1/2 + DJ) / 2 + PE + UU
    Total System Jitter     (TSJ):    0.071ns
    Total Input Jitter      (TIJ):    0.000ns
    Discrete Jitter          (DJ):    0.000ns
    Phase Error              (PE):    0.000ns
    User Uncertainty         (UU):    0.200ns

    Location             Delay type                Incr(ns)  Path(ns)    Netlist Resource(s)
  -------------------------------------------------------------------    -------------------
                         (clock clk rise edge)        0.000     0.000 r  
                         input delay                  2.000     2.000    
    P15                                               0.000     2.000 f  rst (IN)
                         net (fo=0)                   0.000     2.000    rst
    P15                  IBUF (Prop_ibuf_I_O)         0.830     2.830 f  rst_IBUF_inst/O
                         net (fo=64, routed)          2.737     5.567    rst_IBUF
    SLICE_X0Y66          FDCE                                         f  stage1_add_reg[2]/CLR
  -------------------------------------------------------------------    -------------------

                         (clock clk rise edge)        0.000     0.000 r  
    N15                                               0.000     0.000 r  clk (IN)
                         net (fo=0)                   0.000     0.000    clk
    N15                  IBUF (Prop_ibuf_I_O)         0.948     0.948 r  clk_IBUF_inst/O
                         net (fo=1, routed)           2.016     2.963    clk_IBUF
    BUFGCTRL_X0Y0        BUFG (Prop_bufg_I_O)         0.096     3.059 r  clk_IBUF_BUFG_inst/O
                         net (fo=64, routed)          1.715     4.775    clk_IBUF_BUFG
    SLICE_X0Y66          FDCE                                         r  stage1_add_reg[2]/C
                         clock pessimism              0.000     4.775    
                         clock uncertainty            0.235     5.010    
    SLICE_X0Y66          FDCE (Remov_fdce_C_CLR)     -0.208     4.802    stage1_add_reg[2]
  -------------------------------------------------------------------
                         required time                         -4.802    
                         arrival time                           5.567    
  -------------------------------------------------------------------
                         slack                                  0.765    

Slack (MET) :             0.765ns  (arrival time - required time)
  Source:                 rst
                            (input port clocked by clk  {rise@0.000ns fall@10.000ns period=20.000ns})
  Destination:            stage1_add_reg[3]/CLR
                            (removal check against rising-edge clock clk  {rise@0.000ns fall@10.000ns period=20.000ns})
  Path Group:             **async_default**
  Path Type:              Removal (Min at Slow Process Corner)
  Requirement:            0.000ns  (clk rise@0.000ns - clk rise@0.000ns)
  Data Path Delay:        3.567ns  (logic 0.830ns (23.273%)  route 2.737ns (76.727%))
  Logic Levels:           1  (IBUF=1)
  Input Delay:            2.000ns
  Clock Path Skew:        4.775ns (DCD - SCD - CPR)
    Destination Clock Delay (DCD):    4.775ns
    Source Clock Delay      (SCD):    0.000ns
    Clock Pessimism Removal (CPR):    -0.000ns
  Clock Uncertainty:      0.235ns  ((TSJ^2 + TIJ^2)^1/2 + DJ) / 2 + PE + UU
    Total System Jitter     (TSJ):    0.071ns
    Total Input Jitter      (TIJ):    0.000ns
    Discrete Jitter          (DJ):    0.000ns
    Phase Error              (PE):    0.000ns
    User Uncertainty         (UU):    0.200ns

    Location             Delay type                Incr(ns)  Path(ns)    Netlist Resource(s)
  -------------------------------------------------------------------    -------------------
                         (clock clk rise edge)        0.000     0.000 r  
                         input delay                  2.000     2.000    
    P15                                               0.000     2.000 f  rst (IN)
                         net (fo=0)                   0.000     2.000    rst
    P15                  IBUF (Prop_ibuf_I_O)         0.830     2.830 f  rst_IBUF_inst/O
                         net (fo=64, routed)          2.737     5.567    rst_IBUF
    SLICE_X0Y66          FDCE                                         f  stage1_add_reg[3]/CLR
  -------------------------------------------------------------------    -------------------

                         (clock clk rise edge)        0.000     0.000 r  
    N15                                               0.000     0.000 r  clk (IN)
                         net (fo=0)                   0.000     0.000    clk
    N15                  IBUF (Prop_ibuf_I_O)         0.948     0.948 r  clk_IBUF_inst/O
                         net (fo=1, routed)           2.016     2.963    clk_IBUF
    BUFGCTRL_X0Y0        BUFG (Prop_bufg_I_O)         0.096     3.059 r  clk_IBUF_BUFG_inst/O
                         net (fo=64, routed)          1.715     4.775    clk_IBUF_BUFG
    SLICE_X0Y66          FDCE                                         r  stage1_add_reg[3]/C
                         clock pessimism              0.000     4.775    
                         clock uncertainty            0.235     5.010    
    SLICE_X0Y66          FDCE (Remov_fdce_C_CLR)     -0.208     4.802    stage1_add_reg[3]
  -------------------------------------------------------------------
                         required time                         -4.802    
                         arrival time                           5.567    
  -------------------------------------------------------------------
                         slack                                  0.765    

Slack (MET) :             0.835ns  (arrival time - required time)
  Source:                 rst
                            (input port clocked by clk  {rise@0.000ns fall@10.000ns period=20.000ns})
  Destination:            stage1_sub_reg[4]/CLR
                            (removal check against rising-edge clock clk  {rise@0.000ns fall@10.000ns period=20.000ns})
  Path Group:             **async_default**
  Path Type:              Removal (Min at Slow Process Corner)
  Requirement:            0.000ns  (clk rise@0.000ns - clk rise@0.000ns)
  Data Path Delay:        3.633ns  (logic 0.830ns (22.848%)  route 2.803ns (77.152%))
  Logic Levels:           1  (IBUF=1)
  Input Delay:            2.000ns
  Clock Path Skew:        4.771ns (DCD - SCD - CPR)
    Destination Clock Delay (DCD):    4.771ns
    Source Clock Delay      (SCD):    0.000ns
    Clock Pessimism Removal (CPR):    -0.000ns
  Clock Uncertainty:      0.235ns  ((TSJ^2 + TIJ^2)^1/2 + DJ) / 2 + PE + UU
    Total System Jitter     (TSJ):    0.071ns
    Total Input Jitter      (TIJ):    0.000ns
    Discrete Jitter          (DJ):    0.000ns
    Phase Error              (PE):    0.000ns
    User Uncertainty         (UU):    0.200ns

    Location             Delay type                Incr(ns)  Path(ns)    Netlist Resource(s)
  -------------------------------------------------------------------    -------------------
                         (clock clk rise edge)        0.000     0.000 r  
                         input delay                  2.000     2.000    
    P15                                               0.000     2.000 f  rst (IN)
                         net (fo=0)                   0.000     2.000    rst
    P15                  IBUF (Prop_ibuf_I_O)         0.830     2.830 f  rst_IBUF_inst/O
                         net (fo=64, routed)          2.803     5.633    rst_IBUF
    SLICE_X1Y69          FDCE                                         f  stage1_sub_reg[4]/CLR
  -------------------------------------------------------------------    -------------------

                         (clock clk rise edge)        0.000     0.000 r  
    N15                                               0.000     0.000 r  clk (IN)
                         net (fo=0)                   0.000     0.000    clk
    N15                  IBUF (Prop_ibuf_I_O)         0.948     0.948 r  clk_IBUF_inst/O
                         net (fo=1, routed)           2.016     2.963    clk_IBUF
    BUFGCTRL_X0Y0        BUFG (Prop_bufg_I_O)         0.096     3.059 r  clk_IBUF_BUFG_inst/O
                         net (fo=64, routed)          1.711     4.771    clk_IBUF_BUFG
    SLICE_X1Y69          FDCE                                         r  stage1_sub_reg[4]/C
                         clock pessimism              0.000     4.771    
                         clock uncertainty            0.235     5.006    
    SLICE_X1Y69          FDCE (Remov_fdce_C_CLR)     -0.208     4.798    stage1_sub_reg[4]
  -------------------------------------------------------------------
                         required time                         -4.798    
                         arrival time                           5.633    
  -------------------------------------------------------------------
                         slack                                  0.835    

Slack (MET) :             0.835ns  (arrival time - required time)
  Source:                 rst
                            (input port clocked by clk  {rise@0.000ns fall@10.000ns period=20.000ns})
  Destination:            stage1_sub_reg[5]/CLR
                            (removal check against rising-edge clock clk  {rise@0.000ns fall@10.000ns period=20.000ns})
  Path Group:             **async_default**
  Path Type:              Removal (Min at Slow Process Corner)
  Requirement:            0.000ns  (clk rise@0.000ns - clk rise@0.000ns)
  Data Path Delay:        3.633ns  (logic 0.830ns (22.848%)  route 2.803ns (77.152%))
  Logic Levels:           1  (IBUF=1)
  Input Delay:            2.000ns
  Clock Path Skew:        4.771ns (DCD - SCD - CPR)
    Destination Clock Delay (DCD):    4.771ns
    Source Clock Delay      (SCD):    0.000ns
    Clock Pessimism Removal (CPR):    -0.000ns
  Clock Uncertainty:      0.235ns  ((TSJ^2 + TIJ^2)^1/2 + DJ) / 2 + PE + UU
    Total System Jitter     (TSJ):    0.071ns
    Total Input Jitter      (TIJ):    0.000ns
    Discrete Jitter          (DJ):    0.000ns
    Phase Error              (PE):    0.000ns
    User Uncertainty         (UU):    0.200ns

    Location             Delay type                Incr(ns)  Path(ns)    Netlist Resource(s)
  -------------------------------------------------------------------    -------------------
                         (clock clk rise edge)        0.000     0.000 r  
                         input delay                  2.000     2.000    
    P15                                               0.000     2.000 f  rst (IN)
                         net (fo=0)                   0.000     2.000    rst
    P15                  IBUF (Prop_ibuf_I_O)         0.830     2.830 f  rst_IBUF_inst/O
                         net (fo=64, routed)          2.803     5.633    rst_IBUF
    SLICE_X1Y69          FDCE                                         f  stage1_sub_reg[5]/CLR
  -------------------------------------------------------------------    -------------------

                         (clock clk rise edge)        0.000     0.000 r  
    N15                                               0.000     0.000 r  clk (IN)
                         net (fo=0)                   0.000     0.000    clk
    N15                  IBUF (Prop_ibuf_I_O)         0.948     0.948 r  clk_IBUF_inst/O
                         net (fo=1, routed)           2.016     2.963    clk_IBUF
    BUFGCTRL_X0Y0        BUFG (Prop_bufg_I_O)         0.096     3.059 r  clk_IBUF_BUFG_inst/O
                         net (fo=64, routed)          1.711     4.771    clk_IBUF_BUFG
    SLICE_X1Y69          FDCE                                         r  stage1_sub_reg[5]/C
                         clock pessimism              0.000     4.771    
                         clock uncertainty            0.235     5.006    
    SLICE_X1Y69          FDCE (Remov_fdce_C_CLR)     -0.208     4.798    stage1_sub_reg[5]
  -------------------------------------------------------------------
                         required time                         -4.798    
                         arrival time                           5.633    
  -------------------------------------------------------------------
                         slack                                  0.835    

Slack (MET) :             0.835ns  (arrival time - required time)
  Source:                 rst
                            (input port clocked by clk  {rise@0.000ns fall@10.000ns period=20.000ns})
  Destination:            stage1_sub_reg[6]/CLR
                            (removal check against rising-edge clock clk  {rise@0.000ns fall@10.000ns period=20.000ns})
  Path Group:             **async_default**
  Path Type:              Removal (Min at Slow Process Corner)
  Requirement:            0.000ns  (clk rise@0.000ns - clk rise@0.000ns)
  Data Path Delay:        3.633ns  (logic 0.830ns (22.848%)  route 2.803ns (77.152%))
  Logic Levels:           1  (IBUF=1)
  Input Delay:            2.000ns
  Clock Path Skew:        4.771ns (DCD - SCD - CPR)
    Destination Clock Delay (DCD):    4.771ns
    Source Clock Delay      (SCD):    0.000ns
    Clock Pessimism Removal (CPR):    -0.000ns
  Clock Uncertainty:      0.235ns  ((TSJ^2 + TIJ^2)^1/2 + DJ) / 2 + PE + UU
    Total System Jitter     (TSJ):    0.071ns
    Total Input Jitter      (TIJ):    0.000ns
    Discrete Jitter          (DJ):    0.000ns
    Phase Error              (PE):    0.000ns
    User Uncertainty         (UU):    0.200ns

    Location             Delay type                Incr(ns)  Path(ns)    Netlist Resource(s)
  -------------------------------------------------------------------    -------------------
                         (clock clk rise edge)        0.000     0.000 r  
                         input delay                  2.000     2.000    
    P15                                               0.000     2.000 f  rst (IN)
                         net (fo=0)                   0.000     2.000    rst
    P15                  IBUF (Prop_ibuf_I_O)         0.830     2.830 f  rst_IBUF_inst/O
                         net (fo=64, routed)          2.803     5.633    rst_IBUF
    SLICE_X1Y69          FDCE                                         f  stage1_sub_reg[6]/CLR
  -------------------------------------------------------------------    -------------------

                         (clock clk rise edge)        0.000     0.000 r  
    N15                                               0.000     0.000 r  clk (IN)
                         net (fo=0)                   0.000     0.000    clk
    N15                  IBUF (Prop_ibuf_I_O)         0.948     0.948 r  clk_IBUF_inst/O
                         net (fo=1, routed)           2.016     2.963    clk_IBUF
    BUFGCTRL_X0Y0        BUFG (Prop_bufg_I_O)         0.096     3.059 r  clk_IBUF_BUFG_inst/O
                         net (fo=64, routed)          1.711     4.771    clk_IBUF_BUFG
    SLICE_X1Y69          FDCE                                         r  stage1_sub_reg[6]/C
                         clock pessimism              0.000     4.771    
                         clock uncertainty            0.235     5.006    
    SLICE_X1Y69          FDCE (Remov_fdce_C_CLR)     -0.208     4.798    stage1_sub_reg[6]
  -------------------------------------------------------------------
                         required time                         -4.798    
                         arrival time                           5.633    
  -------------------------------------------------------------------
                         slack                                  0.835    

Slack (MET) :             0.835ns  (arrival time - required time)
  Source:                 rst
                            (input port clocked by clk  {rise@0.000ns fall@10.000ns period=20.000ns})
  Destination:            stage1_sub_reg[7]/CLR
                            (removal check against rising-edge clock clk  {rise@0.000ns fall@10.000ns period=20.000ns})
  Path Group:             **async_default**
  Path Type:              Removal (Min at Slow Process Corner)
  Requirement:            0.000ns  (clk rise@0.000ns - clk rise@0.000ns)
  Data Path Delay:        3.633ns  (logic 0.830ns (22.848%)  route 2.803ns (77.152%))
  Logic Levels:           1  (IBUF=1)
  Input Delay:            2.000ns
  Clock Path Skew:        4.771ns (DCD - SCD - CPR)
    Destination Clock Delay (DCD):    4.771ns
    Source Clock Delay      (SCD):    0.000ns
    Clock Pessimism Removal (CPR):    -0.000ns
  Clock Uncertainty:      0.235ns  ((TSJ^2 + TIJ^2)^1/2 + DJ) / 2 + PE + UU
    Total System Jitter     (TSJ):    0.071ns
    Total Input Jitter      (TIJ):    0.000ns
    Discrete Jitter          (DJ):    0.000ns
    Phase Error              (PE):    0.000ns
    User Uncertainty         (UU):    0.200ns

    Location             Delay type                Incr(ns)  Path(ns)    Netlist Resource(s)
  -------------------------------------------------------------------    -------------------
                         (clock clk rise edge)        0.000     0.000 r  
                         input delay                  2.000     2.000    
    P15                                               0.000     2.000 f  rst (IN)
                         net (fo=0)                   0.000     2.000    rst
    P15                  IBUF (Prop_ibuf_I_O)         0.830     2.830 f  rst_IBUF_inst/O
                         net (fo=64, routed)          2.803     5.633    rst_IBUF
    SLICE_X1Y69          FDCE                                         f  stage1_sub_reg[7]/CLR
  -------------------------------------------------------------------    -------------------

                         (clock clk rise edge)        0.000     0.000 r  
    N15                                               0.000     0.000 r  clk (IN)
                         net (fo=0)                   0.000     0.000    clk
    N15                  IBUF (Prop_ibuf_I_O)         0.948     0.948 r  clk_IBUF_inst/O
                         net (fo=1, routed)           2.016     2.963    clk_IBUF
    BUFGCTRL_X0Y0        BUFG (Prop_bufg_I_O)         0.096     3.059 r  clk_IBUF_BUFG_inst/O
                         net (fo=64, routed)          1.711     4.771    clk_IBUF_BUFG
    SLICE_X1Y69          FDCE                                         r  stage1_sub_reg[7]/C
                         clock pessimism              0.000     4.771    
                         clock uncertainty            0.235     5.006    
    SLICE_X1Y69          FDCE (Remov_fdce_C_CLR)     -0.208     4.798    stage1_sub_reg[7]
  -------------------------------------------------------------------
                         required time                         -4.798    
                         arrival time                           5.633    
  -------------------------------------------------------------------
                         slack                                  0.835    

Slack (MET) :             0.880ns  (arrival time - required time)
  Source:                 rst
                            (input port clocked by clk  {rise@0.000ns fall@10.000ns period=20.000ns})
  Destination:            stage2_mult_reg[10]/CLR
                            (removal check against rising-edge clock clk  {rise@0.000ns fall@10.000ns period=20.000ns})
  Path Group:             **async_default**
  Path Type:              Removal (Min at Slow Process Corner)
  Requirement:            0.000ns  (clk rise@0.000ns - clk rise@0.000ns)
  Data Path Delay:        3.730ns  (logic 0.830ns (22.255%)  route 2.900ns (77.745%))
  Logic Levels:           1  (IBUF=1)
  Input Delay:            2.000ns
  Clock Path Skew:        4.770ns (DCD - SCD - CPR)
    Destination Clock Delay (DCD):    4.770ns
    Source Clock Delay      (SCD):    0.000ns
    Clock Pessimism Removal (CPR):    -0.000ns
  Clock Uncertainty:      0.235ns  ((TSJ^2 + TIJ^2)^1/2 + DJ) / 2 + PE + UU
    Total System Jitter     (TSJ):    0.071ns
    Total Input Jitter      (TIJ):    0.000ns
    Discrete Jitter          (DJ):    0.000ns
    Phase Error              (PE):    0.000ns
    User Uncertainty         (UU):    0.200ns

    Location             Delay type                Incr(ns)  Path(ns)    Netlist Resource(s)
  -------------------------------------------------------------------    -------------------
                         (clock clk rise edge)        0.000     0.000 r  
                         input delay                  2.000     2.000    
    P15                                               0.000     2.000 f  rst (IN)
                         net (fo=0)                   0.000     2.000    rst
    P15                  IBUF (Prop_ibuf_I_O)         0.830     2.830 f  rst_IBUF_inst/O
                         net (fo=64, routed)          2.900     5.730    rst_IBUF
    SLICE_X2Y70          FDCE                                         f  stage2_mult_reg[10]/CLR
  -------------------------------------------------------------------    -------------------

                         (clock clk rise edge)        0.000     0.000 r  
    N15                                               0.000     0.000 r  clk (IN)
                         net (fo=0)                   0.000     0.000    clk
    N15                  IBUF (Prop_ibuf_I_O)         0.948     0.948 r  clk_IBUF_inst/O
                         net (fo=1, routed)           2.016     2.963    clk_IBUF
    BUFGCTRL_X0Y0        BUFG (Prop_bufg_I_O)         0.096     3.059 r  clk_IBUF_BUFG_inst/O
                         net (fo=64, routed)          1.710     4.770    clk_IBUF_BUFG
    SLICE_X2Y70          FDCE                                         r  stage2_mult_reg[10]/C
                         clock pessimism              0.000     4.770    
                         clock uncertainty            0.235     5.005    
    SLICE_X2Y70          FDCE (Remov_fdce_C_CLR)     -0.155     4.850    stage2_mult_reg[10]
  -------------------------------------------------------------------
                         required time                         -4.850    
                         arrival time                           5.730    
  -------------------------------------------------------------------
                         slack                                  0.880    

Slack (MET) :             0.880ns  (arrival time - required time)
  Source:                 rst
                            (input port clocked by clk  {rise@0.000ns fall@10.000ns period=20.000ns})
  Destination:            stage2_mult_reg[7]/CLR
                            (removal check against rising-edge clock clk  {rise@0.000ns fall@10.000ns period=20.000ns})
  Path Group:             **async_default**
  Path Type:              Removal (Min at Slow Process Corner)
  Requirement:            0.000ns  (clk rise@0.000ns - clk rise@0.000ns)
  Data Path Delay:        3.730ns  (logic 0.830ns (22.255%)  route 2.900ns (77.745%))
  Logic Levels:           1  (IBUF=1)
  Input Delay:            2.000ns
  Clock Path Skew:        4.770ns (DCD - SCD - CPR)
    Destination Clock Delay (DCD):    4.770ns
    Source Clock Delay      (SCD):    0.000ns
    Clock Pessimism Removal (CPR):    -0.000ns
  Clock Uncertainty:      0.235ns  ((TSJ^2 + TIJ^2)^1/2 + DJ) / 2 + PE + UU
    Total System Jitter     (TSJ):    0.071ns
    Total Input Jitter      (TIJ):    0.000ns
    Discrete Jitter          (DJ):    0.000ns
    Phase Error              (PE):    0.000ns
    User Uncertainty         (UU):    0.200ns

    Location             Delay type                Incr(ns)  Path(ns)    Netlist Resource(s)
  -------------------------------------------------------------------    -------------------
                         (clock clk rise edge)        0.000     0.000 r  
                         input delay                  2.000     2.000    
    P15                                               0.000     2.000 f  rst (IN)
                         net (fo=0)                   0.000     2.000    rst
    P15                  IBUF (Prop_ibuf_I_O)         0.830     2.830 f  rst_IBUF_inst/O
                         net (fo=64, routed)          2.900     5.730    rst_IBUF
    SLICE_X2Y70          FDCE                                         f  stage2_mult_reg[7]/CLR
  -------------------------------------------------------------------    -------------------

                         (clock clk rise edge)        0.000     0.000 r  
    N15                                               0.000     0.000 r  clk (IN)
                         net (fo=0)                   0.000     0.000    clk
    N15                  IBUF (Prop_ibuf_I_O)         0.948     0.948 r  clk_IBUF_inst/O
                         net (fo=1, routed)           2.016     2.963    clk_IBUF
    BUFGCTRL_X0Y0        BUFG (Prop_bufg_I_O)         0.096     3.059 r  clk_IBUF_BUFG_inst/O
                         net (fo=64, routed)          1.710     4.770    clk_IBUF_BUFG
    SLICE_X2Y70          FDCE                                         r  stage2_mult_reg[7]/C
                         clock pessimism              0.000     4.770    
                         clock uncertainty            0.235     5.005    
    SLICE_X2Y70          FDCE (Remov_fdce_C_CLR)     -0.155     4.850    stage2_mult_reg[7]
  -------------------------------------------------------------------
                         required time                         -4.850    
                         arrival time                           5.730    
  -------------------------------------------------------------------
                         slack                                  0.880    





